source,year,n_nodes_active,n_edges_total,total_weight,target_edges_3N,implied_alpha,retention_rate,backbone_nodes,node_coverage,mean_degree_backbone,weight_share_retained,n_components,lcc_share,mst_added_edges,mst_added_share,n_components_with_mst,lcc_share_with_mst,union_nodes,union_node_coverage,union_edges,mean_degree_union,weight_share_union,n_edges_alpha_lt_0.05,retention_alpha_0.05,mean_degree_alpha_0.05,sens10_target_edges,sens10_implied_alpha,sens10_jaccard_vs_3N,sens10_mean_degree,jaccard_alpha_vs_topweight
news,1990,2260,40084,8863.088859464973,6780,0.20296597687870757,0.16914479592855006,1313,0.5809734513274336,10.327494287890328,0.5635054763254799,9,0.9832444782939832,1041,0.15353982300884955,5,0.9960176991150442,2260,1.0,7821,6.921238938053097,0.5841087827529371,2355,0.058751621594651235,2.084070796460177,4008,0.11258312196803083,0.5911504424778761,3.5469026548672566,0.6564866845834352
news,1991,1538,14386,3952.5470943562686,4614,0.3682422391908873,0.32072848602808285,1112,0.7230169050715215,8.298561151079136,0.6783678107865635,2,0.9937050359712231,647,0.1402254009536194,10,0.988296488946684,1538,1.0,5261,6.841352405721716,0.7114950912773426,761,0.05289865146670374,0.9895968790637191,1439,0.12132001066645803,0.311876896402254,1.8712613784135241,0.6113148245154532
news,1992,2306,38797,10316.10145163536,6918,0.21176721589257497,0.17831275614093872,1329,0.5763226366001735,10.410835214446953,0.6103704699180985,8,0.9841986455981941,1088,0.15727088753975138,1,1.0,2306,1.0,8006,6.943625325238508,0.6280659535397173,2385,0.06147382529577029,2.0685169124024285,3880,0.10857586228676251,0.5608557386527898,3.365134431916739,0.6520597014925373
news,1993,2352,37597,8866.242631591856,7056,0.22714663250978806,0.1876745485012102,1445,0.6143707482993197,9.766089965397924,0.5887792655747204,6,0.9896193771626297,1068,0.15136054421768708,4,0.9974489795918368,2352,1.0,8124,6.908163265306122,0.6101298556445915,2201,0.05854190493922387,1.8715986394557824,3760,0.11531622596230649,0.5328798185941043,3.197278911564626,0.6224419406760174
news,1994,2535,46120,12156.474333621562,7605,0.19244779579352456,0.1648959236773634,1497,0.5905325443786982,10.160320641282565,0.5941897133020092,7,0.9906479625918504,1150,0.15121630506245892,4,0.9976331360946745,2535,1.0,8755,6.907297830374754,0.6117576134622627,2886,0.06257588898525586,2.276923076923077,4612,0.1060427739385271,0.6064431295200526,3.6386587771203156,0.6288284429213964
news,1995,2496,40410,9862.74062769115,7488,0.222052684263421,0.18530066815144766,1508,0.6041666666666666,9.931034482758621,0.5966929679379019,4,0.9953580901856764,1127,0.15050747863247863,4,0.9967948717948718,2496,1.0,8615,6.903044871794871,0.6170126864654313,2364,0.0585003711952487,1.8942307692307692,4041,0.11203554527766267,0.5396634615384616,3.237980769230769,0.6381535768978341
news,1996,2514,34072,7769.0161939412355,7542,0.27112625106883426,0.22135477811692886,1610,0.6404136833731106,9.368944099378883,0.5879974057346796,2,0.9987577639751553,1142,0.15141872182444974,9,0.9916467780429594,2514,1.0,8684,6.9085123309466985,0.614074710466937,1745,0.05121507396102371,1.3882259347653143,3407,0.12638250079946087,0.45173693980376556,2.7104216388225937,0.6438535309503052
news,1997,2606,38438,8926.376043293625,7818,0.24294627734478197,0.2033924761954316,1684,0.6462010744435918,9.28503562945368,0.5510992888772495,11,0.9863420427553444,1174,0.15016628293681247,2,0.998848810437452,2606,1.0,8992,6.900997697620875,0.5758624914371021,1951,0.05075706332275352,1.4973138910207213,3844,0.12349015854008433,0.4916858531593758,2.950115118956255,0.6228334198235599
news,1998,4348,125991,53069.41970940679,13044,0.09564331203623928,0.10353120460985309,2327,0.5351885924563018,11.211001289213579,0.6029647929216958,12,0.9879673399226472,2116,0.16222017785955228,2,0.9993100275988961,4348,1.0,15160,6.973321067157314,0.61342691279096,9236,0.0733068235032661,4.248390064397424,12599,0.09053651151855843,0.9658846979454155,5.795308187672493,0.669525150390375
news,1999,4598,138476,59871.50648834929,13794,0.08922153807307728,0.09961292931627141,2428,0.5280556763810352,11.362438220757825,0.6169236697206971,14,0.9868204283360791,2253,0.1633318834275772,2,0.9995650282731623,4598,1.0,16047,6.979991300565463,0.6264988078491944,10220,0.07380340275571218,4.445411048281862,13848,0.08975731500605176,0.9961005199306759,6.023488473249238,0.6722026912353013
news,2000,4667,148091,63670.51098142192,14001,0.08006522144868544,0.09454322004713318,2421,0.5187486608099422,11.566294919454771,0.6215634980128388,19,0.9838909541511772,2316,0.16541675594600386,2,0.999571459181487,4667,1.0,16317,6.992500535676023,0.6305476189726307,11143,0.07524427547926613,4.775230340689951,14809,0.08897910782401691,0.945438584644473,6.3462609813584745,0.6876808100289296
news,2001,4601,142375,58894.60586147383,13803,0.08547697641150626,0.09694820017559262,2414,0.5246685503151489,11.43579121789561,0.6086308007123702,18,0.9830157415078707,2276,0.1648916902122727,1,1.0,4601,1.0,16079,6.989350141273636,0.6182199338738203,10500,0.07374890254609306,4.564225168441643,14238,0.09032391241241028,0.9694479561736199,6.189089328406868,0.6825745108795026
news,2002,4707,140103,51464.39731887728,14121,0.09784252886954382,0.100790132973598,2485,0.5279371149352029,11.364989939637827,0.5857538380225445,18,0.9839034205231388,2316,0.16401104737624814,4,0.9985128531973656,4707,1.0,16437,6.984066284257489,0.5965753024947439,9808,0.07000563870866434,4.1674102400679836,14010,0.09623115465762093,0.9921393669003612,5.952836201402167,0.6828745084018591
news,2003,4809,136113,49235.2065564692,14427,0.10715739303552523,0.10599281479359061,2676,0.5564566437928883,10.782511210762332,0.5828778442619635,14,0.9884155455904334,2231,0.15464060442226382,2,0.9995841131212311,4809,1.0,16658,6.9278436265335825,0.5936518507189206,9317,0.06845047864641879,3.8748180494905387,13611,0.09804480069214855,0.9434393844874194,5.660636306924516,0.669501822600243
news,2004,5082,159405,62030.45389585942,15246,0.09028121236943444,0.09564317304977886,2721,0.5354191263282172,11.206174200661522,0.5836737726796444,18,0.9871370819551636,2454,0.1609602518693428,1,1.0,5082,1.0,17700,6.965761511216057,0.5936504323034391,11149,0.06994134437439227,4.3876426603699334,15940,0.09727187682616881,0.9564617314930991,6.273120818575364,0.6775968309859155
news,2005,5231,163393,63555.83845367655,15693,0.09039511350064361,0.09604450619059568,2781,0.5316383100745555,11.28586839266451,0.5829543382378355,16,0.9884933477166487,2529,0.16115465494169376,1,1.0,5231,1.0,18222,6.966927929650162,0.5926897475476504,11450,0.07007644146322058,4.3777480405276235,16339,0.09647374977376526,0.9604626966154599,6.246989103421908,0.6729385427216034
news,2006,5257,161862,61321.48337565735,15771,0.09187816497749463,0.09743485191088705,2887,0.5491725318622789,10.925528229996536,0.5702964605586291,22,0.9837201246969172,2466,0.15636294464523492,3,0.9992391097584173,5257,1.0,18237,6.938177667871409,0.5808719203722547,11390,0.07036858558525164,4.333269925813202,16186,0.09561267317396836,0.974360558507352,6.1578847251284,0.680716150690041
news,2007,5989,241710,68614.58685588837,17967,0.054637504723548176,0.07433287824252204,3131,0.522791784939055,11.476844458639412,0.5119810910130229,18,0.9875439156818908,2952,0.16430121890131907,2,0.9996660544331274,5989,1.0,20919,6.985807313407914,0.5219761372292387,17143,0.07092383434694469,5.7248288528969775,24171,0.09264919873157187,0.7433287824252203,8.071798296877608,0.6744641192917055
news,2008,6187,290010,80041.94134991989,18561,0.03908929746357501,0.06400124133650564,3105,0.5018587360594795,11.955555555555556,0.48695352193294145,14,0.991304347826087,3170,0.17078821184203438,1,1.0,6187,1.0,21731,7.024729271052206,0.4962537298136828,20795,0.07170442398537981,6.722159366413448,29001,0.09142041950619105,0.6400124133650564,9.374818167124616,0.6911302446357797
news,2009,6004,246228,68527.20867268369,18012,0.05626912216634656,0.07315171304644476,3120,0.519653564290473,11.546153846153846,0.48411862151407936,20,0.9871794871794872,2976,0.16522318454363757,2,0.9996668887408394,6004,1.0,20988,6.991339107261825,0.49426271198438126,16925,0.0687371054469841,5.637908061292472,24623,0.09599155699851485,0.7315111887259879,8.20219853431046,0.6937326625605341
news,2010,5617,190986,60035.03463738412,16851,0.07745122576798556,0.08823159812761144,2989,0.5321345914189068,11.275342924054868,0.5352471120991737,15,0.9899631983941117,2714,0.16105869087887958,2,0.9996439380452199,5617,1.0,19565,6.9663521452732775,0.5455130811686578,13309,0.0696857361272554,4.738828556168773,19099,0.09492117343991363,0.8822975024870412,6.800427274345736,0.6820722699141545
news,2011,5545,177937,59379.286990106106,16635,0.0873542068501522,0.0934881446804206,2975,0.5365193868349865,11.183193277310924,0.5414222341323802,10,0.9932773109243698,2659,0.15984370303576795,2,0.9996393146979261,5545,1.0,19294,6.959062218214608,0.5522715368128036,12321,0.06924360869296436,4.444003606853021,17794,0.09739723105169584,0.9348656850623805,6.418034265103697,0.6860936549766876
news,2012,5737,184962,61745.25058216788,17211,0.0841255065880486,0.09305154572290525,3106,0.5413979431758759,11.082421120412105,0.539128396961317,12,0.9925949774629749,2735,0.15890999941897624,1,1.0,5737,1.0,19946,6.953459996513858,0.5503151505119549,12917,0.06983596630659271,4.503050374760328,18496,0.09419215856020942,0.9305255190311419,6.447969321945267,0.6718636164942445
news,2013,5894,187886,65613.15911152214,17682,0.08382393440732402,0.09411025834814728,3162,0.5364777740074652,11.184060721062618,0.5479423648105933,17,0.9895635673624289,2848,0.16106775251668362,2,0.999151679674245,5894,1.0,20530,6.966406515100102,0.5592776606126518,13277,0.07066519059429655,4.505259586019681,18789,0.09313470902652464,0.941082548299537,6.375636240244316,0.6676412336131283
news,2014,5916,187546,67208.68474668637,17748,0.085275278139503,0.09463278342380002,3162,0.5344827586206896,11.225806451612904,0.5512707033569136,14,0.9905123339658444,2862,0.1612576064908722,2,0.9996619337390128,5916,1.0,20610,6.967545638945233,0.5624083860832979,13365,0.07126251692918004,4.5182555780933065,18755,0.09346390071361613,0.9463076512929885,6.340432724814064,0.6768707482993197
news,2015,5944,190013,71311.72553921118,17832,0.08392606568610897,0.09384621052243794,3199,0.5381897711978466,11.14848390121913,0.5583097557702942,10,0.9943732416380119,2852,0.15993719156572453,1,1.0,5944,1.0,20684,6.959623149394347,0.5690714426353363,13472,0.07090041207706842,4.532974427994616,19001,0.09313985945082803,0.9384769222672491,6.393337819650068,0.6738946775556182
news,2016,6346,224160,87069.92765158042,19038,0.06705425023534248,0.0849304068522484,3389,0.534037188780334,11.235172617291237,0.5591689947920473,11,0.993803481853054,3042,0.15978569177434604,3,0.9993696816892531,6346,1.0,22080,6.958714150646077,0.5688433174065447,16368,0.07301927194860813,5.158525055152852,22416,0.08890162355672684,0.849304068522484,7.06460762685156,0.6683901498554027
news,2017,7235,297008,122805.07666179724,21705,0.04757734962961326,0.07307883962721543,3698,0.5111264685556324,11.738777717685235,0.5649799204112258,12,0.9937804218496484,3609,0.16627505183137525,2,0.9997235659986178,7235,1.0,25314,6.997650310988251,0.5733364050269141,22201,0.07474882831438884,6.137111264685556,29701,0.08692488783074696,0.7307834753038618,8.21036627505183,0.6622630672027571
news,2018,7064,287323,116526.19453762658,21192,0.050129832929226265,0.07375671282841958,3682,0.5212344280860702,11.51113525258012,0.5649155102032879,9,0.9956545355784899,3451,0.16284446961117402,1,1.0,7064,1.0,24643,6.977066817667044,0.5735667823782407,21171,0.07368362435307999,5.9940543601359,28732,0.0888140854968982,0.7375748294584435,8.134767836919591,0.6723484848484849
news,2019,7480,357766,159006.09579491988,22440,0.03181133478165323,0.06272256167439053,3822,0.5109625668449198,11.7425431711146,0.5685358828852188,5,0.9979068550497122,3697,0.1647504456327986,1,1.0,7480,1.0,26137,6.988502673796791,0.5757800748329711,27150,0.07588759133064629,7.259358288770054,35777,0.08636386763686497,0.6272186041311457,9.566042780748663,0.6625300981663271
news,2020,7149,325774,145139.21105018258,21447,0.03464102191704282,0.06583398306801648,3478,0.48650160861658975,12.332949971247844,0.5792849546990241,6,0.9968372627947096,3697,0.17237842122441366,1,1.0,7149,1.0,25144,7.034270527346482,0.5865968324383489,25241,0.07748009356179437,7.061407189816758,32577,0.08450042167251046,0.6583479141725758,9.113722198908938,0.6767913685938782
news,2021,6990,353023,160135.73652136326,20970,0.02569517919842455,0.059401228815119694,3496,0.500143061516452,11.996567505720824,0.566845101687174,10,0.9948512585812357,3538,0.1687172150691464,1,1.0,6990,1.0,24508,7.012303290414878,0.5734331663260874,27677,0.0783999909354348,7.919027181688126,35302,0.08201363228558206,0.5940173361282647,10.100715307582261,0.6574454631678786
news,2022,6977,360440,153605.1044756472,20931,0.02582646139689336,0.058070691377205635,3534,0.5065214275476566,11.845500848896435,0.5508560169287899,5,0.9971703452178834,3479,0.16621279441976017,1,1.0,6977,1.0,24410,6.997276766518561,0.5577679595084837,27665,0.07675341249583842,7.93034255410635,36044,0.08484642506505931,0.5807069137720564,10.33223448473556,0.6590837032339886
news,2023,7560,440774,204270.2989796102,22680,0.01756273693627458,0.05145494062716948,3946,0.521957671957672,11.495184997465788,0.5579701701311972,7,0.9969589457678661,3648,0.16084656084656085,1,1.0,7560,1.0,26328,6.965079365079365,0.563955818792773,34128,0.07742743446755027,9.028571428571428,44077,0.0847462549894489,0.5145540758218572,11.66058201058201,0.64604274775919
paper,1990,12577,397177,187785.50192344934,37731,0.09662147528101919,0.094997948018138,6574,0.5227001669714558,11.47885609978704,0.5317112543391168,31,0.9905689078186797,6075,0.1610081895523575,2,0.9998409795658743,12577,1.0,43806,6.966049137314145,0.5423933164160468,26156,0.06585477003955416,4.159338474994037,39718,0.10462704377953386,0.9499723047484767,6.315973602607935,0.7053173939571987
paper,1991,12638,417382,202257.00244338065,37914,0.08868923266051258,0.09083764992261285,6580,0.5206520018990347,11.524012158054711,0.5328707452257466,30,0.9911854103343465,6125,0.16154982328427495,2,0.9998417471118848,12638,1.0,44039,6.9692989397056495,0.5428825804859624,28008,0.06710399585990771,4.432346890330749,41738,0.10366950695255528,0.9083808519814078,6.605159044152556,0.7056865215044088
paper,1992,12969,445759,221405.00439798832,38907,0.080254995932766,0.08728258991966512,6615,0.5100624566273422,11.763265306122449,0.5336139419137627,21,0.9938019652305367,6412,0.16480324877271443,2,0.999845786105328,12969,1.0,45319,6.988819492636287,0.5432456046465892,30246,0.06785280835608479,4.664353458246588,44576,0.10130130561682146,0.8728239411342427,6.874238568895057,0.7007409350206544
paper,1993,13063,461878,231320.50432311743,39189,0.07607352616933717,0.08484708083086875,6679,0.511291433820715,11.734990268004193,0.5319169136134724,24,0.9931127414283576,6439,0.1643063104442573,1,1.0,13063,1.0,45628,6.9858378626655435,0.5413453948205834,31482,0.06816085633002654,4.820026027711858,46188,0.10069132363702922,0.8484671343206027,7.0715762076092785,0.7022413343758145
paper,1994,13190,483446,245563.50509994477,39570,0.0700769068608189,0.0818498860265676,6704,0.5082638362395754,11.80489260143198,0.5289411039006839,27,0.9922434367541766,6530,0.16502400808693454,1,1.0,13190,1.0,46100,6.990144048521607,0.5381114907843118,33148,0.06856608597444182,5.0262319939347995,48345,0.09932564012760488,0.8184920881166615,7.330553449583017,0.6979189015232783
paper,1995,13602,503169,256260.84036216885,40806,0.06934648042075775,0.08109800087048288,6843,0.5030877812086458,11.926348092941693,0.5282248870780978,25,0.9928393979248867,6803,0.1667156790668039,2,0.9998529627995882,13602,1.0,47609,7.0002940744008235,0.5374691544147403,34499,0.06856344488631057,5.0726363770033815,50317,0.10004255319842832,0.810978396963253,7.398470813115718,0.7009232821325108
paper,1996,13756,535010,279764.5097577721,41268,0.06196376425372762,0.07713500682230238,6891,0.5009450421634196,11.977361776229865,0.5257151079964575,23,0.9933246263241909,6918,0.16763594068043036,1,1.0,13756,1.0,48186,7.005815644082582,0.5345740044373959,36954,0.06907160613820303,5.3727827856935155,53501,0.0983823550173138,0.7713500682230239,7.778569351555685,0.6849583537481627
paper,1997,13975,548740,290755.010535609,41925,0.060667336447105105,0.07640230345883296,7058,0.5050447227191414,11.880136015868517,0.5285084038465608,26,0.9929158401813545,6961,0.1660345855694693,2,0.9998568872987478,13975,1.0,48886,6.996207513416816,0.5370605064170639,38141,0.06950650581331778,5.458461538461538,54874,0.09871856608399375,0.7640230345883297,7.853166368515206,0.6820123969428898
paper,1998,14068,572290,308619.0121791549,42204,0.055816858147235644,0.07374582816404271,7059,0.5017770827409724,11.957501062473439,0.5244568210434635,32,0.991075223119422,7051,0.16706947208795375,1,1.0,14068,1.0,49255,7.0024168325277225,0.5329096516323876,40007,0.06990686540040889,5.687659937446687,57229,0.09756265324030887,0.737458281640427,8.136053454648849,0.6832784923721209
paper,1999,14445,616663,339775.01815412194,43335,0.049249505714826086,0.0702733908147562,7162,0.4958116995500173,12.101368332867914,0.5256379962913843,24,0.9935772130689752,7332,0.16919349255797855,1,1.0,14445,1.0,50667,7.015160955347871,0.5337293128429805,43632,0.07075501530009097,6.041121495327102,61666,0.09733355633666102,0.7027373268900204,8.5380408445829,0.6751063007344414
paper,2000,14976,683010,391439.5287887305,44928,0.041864321419827384,0.06577941757807353,7482,0.499599358974359,12.00962309542903,0.5223188540468067,24,0.9935846030473136,7532,0.1676460113960114,1,1.0,14976,1.0,52460,7.005876068376068,0.5300105096696343,48677,0.07126835624661425,6.500667735042735,68301,0.09507010887994767,0.6577941757807353,9.12139423076923,0.675199015641604
paper,2001,15232,725914,423068.036860317,45696,0.037199328162419734,0.06294960560066344,7587,0.49809611344537813,12.045867931988928,0.5199284492216385,30,0.9916963226571768,7683,0.16813287815126052,1,1.0,15232,1.0,53379,7.008797268907563,0.5272589785207819,52307,0.07205674501387217,6.8680409663865545,72591,0.09373056623059176,0.6294995247344712,9.531381302521009,0.6708166511270772
paper,2002,15807,1036428,875598.7932782248,47421,0.010784681295764802,0.045754263682571295,7040,0.4453723034098817,13.471875,0.5640277402706203,17,0.9951704545454545,8791,0.18538200375361127,2,0.9998734737774404,15807,1.0,56212,7.112292022521667,0.5691543046900415,81790,0.07891527438471366,10.348579743151769,103643,0.08294042090272523,0.4575417539052324,13.113557284747264,0.6206766917293233
paper,2003,16038,977012,720683.4184014052,48114,0.01578621605951696,0.04924606862556448,7412,0.462152388078314,12.982730706961684,0.5415930171246919,32,0.9912304371289801,8660,0.17998919233487135,1,1.0,16038,1.0,56774,7.079935154009228,0.547384796809434,74594,0.07634911341928247,9.30215737623145,97701,0.08677680285482318,0.4924616943531796,12.183688739244294,0.6448106112402571
paper,2004,16199,1000118,733598.0654282868,48597,0.015228630484364035,0.04859126623058479,7580,0.46793011914315696,12.822427440633245,0.5348095353096685,21,0.9944591029023747,8648,0.17795337160730088,1,1.0,16199,1.0,57245,7.067720229643805,0.540652597758794,76334,0.07632499365074921,9.424532378541885,100012,0.08712290295526559,0.48591169059712835,12.347922711278475,0.6459331764068348
paper,2005,16454,1106128,867225.7839096561,49362,0.01073911894115488,0.044625938408574775,7567,0.4598881730886107,13.046649927315977,0.5399827149454387,23,0.9940531254129774,8910,0.18050322110125197,1,1.0,16454,1.0,58272,7.083019326607512,0.5453390524756497,85800,0.07756787641213314,10.429074996961225,110613,0.08517764592302077,0.44625857720159473,13.44511972772578,0.6336107755696391
paper,2006,16760,1196934,989409.1809412539,50280,0.00823327018402707,0.0420073287248921,7648,0.45632458233890216,13.148535564853557,0.5419925459320106,31,0.9920240585774058,9148,0.18194112967382658,1,1.0,16760,1.0,59428,7.09164677804296,0.5470608119415529,93584,0.0781864330029893,11.167541766109785,119693,0.08403895940911331,0.42007469108469164,14.283174224343675,0.6275004855311711
paper,2007,17037,1247658,1030526.2158466801,51111,0.007506971407889383,0.040965553060213614,7768,0.45594881728003755,13.159371781668384,0.5380953149517024,20,0.9948506694129763,9292,0.18180039521825048,1,1.0,17037,1.0,60403,7.090802371309503,0.5431621633033602,98031,0.07857201252266247,11.508011973939073,124766,0.08336283897378739,0.4096548739239857,14.646475318424605,0.6290098962566334
paper,2008,17195,1318355,1118607.151160024,51585,0.006040771701513761,0.03912830762579123,7793,0.4532131433556266,13.238804054921083,0.53814649924192,19,0.9952521493648145,9424,0.18268876611418047,1,1.0,17195,1.0,61009,7.096132596685083,0.5431013205280095,104150,0.07899996586655339,12.11398662401861,131836,0.08323779517253062,0.3912815922813192,15.334225065425995,0.6250570983035897
paper,2009,17403,1400850,1232195.103352882,52209,0.004735698926110828,0.03726951493735946,7872,0.45233580417169456,13.264481707317072,0.5386918444257778,18,0.9955538617886179,9552,0.1829569614434293,1,1.0,17403,1.0,61761,7.097741768660576,0.5434410577264425,111199,0.07937966234786023,12.779290926851692,140085,0.08258456186405665,0.3726951493735946,16.098948457162557,0.6222287818291982
paper,2010,17459,1484038,1346272.0540317036,52377,0.0035803706408775835,0.03529357064980816,7934,0.45443610745174406,13.203176203680362,0.5355120584198376,24,0.9938240483992942,9549,0.18231284724211008,1,1.0,17459,1.0,61926,7.093877083452661,0.540050464659963,118765,0.0800282742086119,13.605017469499971,148404,0.0809513013421934,0.3529352308563112,17.00028638524543,0.6189725519287834
paper,2011,17582,1535049,1420211.6150185093,52746,0.0030914487200703017,0.03436111811414489,8051,0.45791150039813444,13.102968575332257,0.5352474938803153,22,0.9946590485653956,9554,0.1811322185568574,1,1.0,17582,1.0,62300,7.086793311341144,0.5396707715419014,123318,0.08033489484700489,14.027755659196906,153505,0.08119700957275197,0.3436109572978079,17.461608463201,0.6159678926487033
paper,2012,17741,1567152,1451497.0002561845,53223,0.002938363697910225,0.033961606787344174,8100,0.4565695282114875,13.141481481481481,0.5337014152195092,27,0.9933333333333333,9667,0.18163200120248765,1,1.0,17741,1.0,62890,7.089792007214926,0.5381087576822038,125661,0.08018430886091457,14.166168761625613,156715,0.0813939541489812,0.33961650129215454,17.66698607744772,0.615486181724363
paper,2013,17783,1594067,1496841.5530847907,53349,0.002703373227027637,0.03346722565613616,8041,0.45217342405668337,13.269245118766323,0.5327012108298725,23,0.9942793184927248,9766,0.18305872649909088,1,1.0,17783,1.0,63115,7.098352358994545,0.5370823900125345,128318,0.08049724384232282,14.43153573637744,159407,0.0806225028556032,0.3346716267165181,17.92802114378901,0.6182546182546182
paper,2014,17745,1613707,1523420.596203331,53235,0.0025233350582896247,0.03298926013210576,8053,0.4538179768949,13.22115981621756,0.5313563749489616,25,0.9939153110641997,9717,0.18253029022259792,1,1.0,17745,1.0,62952,7.095181741335588,0.5356486507604061,130298,0.08074452177501863,14.68560157790927,161371,0.08029006219207344,0.3298919880275886,18.18777120315582,0.615458145568756
paper,2015,17750,1610370,1514319.5473738872,53250,0.0026328251676245576,0.033066934927997914,8048,0.45340845070422536,13.233101391650099,0.5290050571406538,27,0.9934145129224652,9731,0.1827417840375587,1,1.0,17750,1.0,62981,7.096450704225352,0.5333678821024542,130156,0.08082366164297645,14.665464788732395,161037,0.08011370945618955,0.33066934927997915,18.145014084507043,0.6166982922201139
paper,2016,17737,1600028,1524510.5463199168,53211,0.002703554171628048,0.03325629301487224,7989,0.4504143880024807,13.321066466391288,0.530870041457637,24,0.9939917386406308,9773,0.18366503166638476,1,1.0,17737,1.0,62984,7.1019901899983084,0.5351996282521837,129363,0.08085046011694795,14.586795963240684,160003,0.07951483452359351,0.332562514452854,18.041720696848397,0.6112583082257113
paper,2017,17737,1645225,1601385.4852181152,53211,0.0022813216771739027,0.03234268868999681,7890,0.4448328353160061,13.488212927756654,0.5321726842628359,33,0.9918884664131813,9882,0.18571348029542764,1,1.0,17737,1.0,63093,7.114280881772566,0.5364732875706839,133946,0.08141500402680485,15.10356881096014,164522,0.07909572431306315,0.32342786982895905,18.551276991599483,0.6100638445943901
paper,2018,17910,1738014,1812724.4558068514,53730,0.0016194339470126525,0.030914595624661253,7920,0.44221105527638194,13.568181818181818,0.5371045912603719,28,0.9928030303030303,10021,0.1865066071096222,1,1.0,17910,1.0,63751,7.119039642657733,0.5411150654340446,143076,0.08232154631665797,15.977219430485762,173801,0.0775710026960513,0.30914666774069194,19.40826353992183,0.6018961584902285
paper,2019,18025,1825254,2024902.2827149704,54075,0.0012187544298202185,0.029626013694532376,7846,0.4352843273231623,13.784093805760897,0.5419528963826629,26,0.9934998725465205,10205,0.18871937124364307,1,1.0,18025,1.0,64280,7.132316227461859,0.5457355433362351,151877,0.08320869314626896,16.851816920943133,182525,0.07576043289336787,0.2962607861936721,20.25242718446602,0.5902307047596642
paper,2020,18200,1921194,2239789.1733836792,54600,0.0008977475018660181,0.028419826420444785,7816,0.42945054945054945,13.971340839303991,0.5438949414397273,23,0.994114636642784,10407,0.1906043956043956,1,1.0,18200,1.0,65007,7.143626373626374,0.5475179194956649,161758,0.08419659857359538,17.775604395604397,192119,0.074581085520057,0.28419885591742616,21.11197802197802,0.5919759745750357
paper,2021,18068,1983419,2429688.2684153095,54204,0.0006524246931584774,0.027328567488765613,7647,0.42323444764224044,14.176539819537073,0.5475580659082248,25,0.9931999476919053,10449,0.19277175116227585,1,1.0,18068,1.0,64653,7.156630506973655,0.5510363633227191,168704,0.0850571664383572,18.674341377020145,198342,0.07297652872546037,0.2732855371025804,21.955058667257028,0.5842174484875055
paper,2022,18044,1954223,2368616.1828272194,54132,0.0007012509117373125,0.027700011718212302,7564,0.41919751718022613,14.313061872025383,0.5539586894488702,28,0.9928609201480698,10510,0.19415502844897659,2,0.9998891598315229,18044,1.0,64642,7.164930170693859,0.5573927896707883,165222,0.08454613419246422,18.313234316116162,195422,0.07432926027147743,0.27700054241589994,21.660607404123255,0.5853565675794407
paper,2023,18111,2009483,2590714.2862744927,54333,0.0005720090564364915,0.027038297910457566,7651,0.42245044448125446,14.202849300745001,0.5569924303009088,32,0.9916350803816495,10491,0.19308707415382917,2,0.9998895698746618,18111,1.0,64824,7.158522444922975,0.5602791339035852,171535,0.08536275250897868,18.94263154988681,200948,0.07299274145793264,0.2703833827656906,22.19071282645906,0.5794706318405791
