source,K,year,pp_mean,pp_sd,pp_lo,pp_hi,rank_mean,rank_sd,rank_lo,rank_hi,rank_norm_mean,rank_norm_sd,rank_norm_lo,rank_norm_hi,n_anchor
news,6,1990,1523.9302827262104,159.41404003964277,1409.892348275168,1637.9682171772529,454.38126411747544,73.19594137182652,402.02004196811544,506.74248626683544,0.2010536566891484,0.03238758467779935,0.17788497432217495,0.22422233905612185,10.0
news,6,1991,957.804850408636,17.38419993453724,930.1427089826453,985.4669918346266,282.5944046630548,19.72019095512918,251.21518024073475,313.9736290853748,0.1837414854766286,0.012821970712047588,0.16333886881712273,0.2041441021361345,4.0
news,6,1992,1205.371807978858,199.56932806683344,1071.2993090867367,1339.4443068709793,375.9079665472449,123.13681149340093,293.1835309716559,458.63240212283387,0.16301299503349734,0.05339844383928921,0.12713943233809882,0.19888655772889585,11.0
news,6,1993,1056.8061142618217,111.66206735954702,981.7905166879235,1131.82171183572,318.65382473305436,93.99200578662025,255.50913604885574,381.798513417253,0.13548206833888365,0.03996258749431132,0.10863483675546587,0.16232929992230144,11.0
news,6,1994,1010.7614391771634,82.5138207358387,951.7346076757558,1069.788270678571,269.7007441963339,44.321746513286605,237.9948767433731,301.4066116492947,0.10639082611295222,0.017483923673880325,0.09388358056937794,0.11889807165652651,10.0
news,6,1995,817.4610688645342,141.26440586495815,722.5583496827414,912.363788046327,268.96506607189593,93.19396468692011,206.35650869350388,331.573623450288,0.10775843993265061,0.0373373255957212,0.0826748832906666,0.1328419965746346,11.0
news,6,1996,757.2273028105769,84.46422086132631,700.4834671342767,813.9711384868772,237.4302864686174,50.307317416768946,203.633370760375,271.2272021768598,0.09444323248552798,0.02001086611645543,0.0809997497057975,0.10788671526525846,11.0
news,6,1997,772.0746046117501,98.11185808661004,701.8896093718798,842.2595998516205,258.1378525357555,54.538404666820824,219.1234281167225,297.1522769547885,0.09905520051256925,0.020928014070153805,0.08408420111923348,0.11402619990590501,10.0
news,6,1998,857.6590601144212,96.77740568663219,792.6431143155852,922.6750059132572,270.0916257741275,56.57309663083217,232.08530231333486,308.0979492349202,0.062118589184481945,0.01301129177342046,0.053377484432689706,0.07085969393627418,11.0
news,6,1999,761.8170461282072,90.04270695413511,701.3255325008774,822.3085597555369,226.46414140216302,57.31355202463164,187.96037323918847,264.9679095651376,0.04925274932626425,0.012464887347679783,0.04087872406245944,0.05762677459006906,11.0
news,6,2000,711.5690775873435,93.15157247286137,648.9889996858705,774.1491554888165,201.02401733584364,54.65026825072642,164.30946755770393,237.73856711398335,0.04307349846493329,0.011709935344059657,0.03520665685830383,0.05094034007156275,11.0
news,6,2001,683.0317029429688,98.67706679282985,616.7395474478672,749.3238584380704,194.790477609765,58.01892875537153,155.81283091111197,233.768124308418,0.04233655240377417,0.012610069279585205,0.033864992590982815,0.05080811221656553,11.0
news,6,2002,683.7790927948929,99.77294484672578,616.7507164055783,750.8074691842075,185.6587918382219,57.64841982304209,146.9300564271923,224.3875272492515,0.03944312552331036,0.012247380459537304,0.031215223375226746,0.04767102767139398,11.0
news,6,2003,715.7971236147588,105.52305714250505,644.9057692223952,786.6884780071224,180.00138181818184,54.48318614533879,143.3990793257672,216.6036843105965,0.037430106429233063,0.011329421115687001,0.029818897759568967,0.04504131509889716,11.0
news,6,2004,671.0469715834106,103.29064045784764,601.6553751266965,740.4385680401247,175.6861818181818,50.55703321196406,141.7215047560332,209.65085888033042,0.034570283710779574,0.009948255256191273,0.027886954890994332,0.041253612530564816,11.0
news,6,2005,666.1710356671078,109.381010125168,592.6878731947936,739.6541981394221,169.5865818181818,53.85191577379244,133.40837253192072,205.76479110444288,0.03241953389756869,0.010294765011239236,0.025503416656838224,0.03933565113829916,11.0
news,6,2006,680.5189639855417,102.55604564023913,611.620875042352,749.4170529287314,160.45583636363634,49.618308881929316,127.12180288744219,193.7898698398305,0.030522320023518425,0.009438521758023457,0.024181434827362035,0.036863205219674816,11.0
news,6,2007,700.0038065547874,119.90212154239755,619.4524652571279,780.5551478524469,166.8306545454545,57.845903717866896,127.96924764864809,205.69206144226092,0.02785617875195434,0.009658691554160444,0.02136738147414395,0.03434497602976473,11.0
news,6,2008,696.517261730749,114.94564300849085,619.2957280201726,773.7387954413255,156.6992909090909,48.70104613713045,123.98148292970578,189.41709888847603,0.0253271845658786,0.007871512225170591,0.020039030698190685,0.030615338433566515,11.0
news,6,2009,685.7314922358329,110.98000978431479,611.1741071757788,760.288877295887,155.12692727272727,45.90633055205112,124.28663477036406,185.96721977509048,0.02583726303676337,0.0076459577868173085,0.02070063870259228,0.03097388737093446,11.0
news,6,2010,700.2371589936691,109.73841184233059,626.5138907806959,773.9604272066424,152.34367272727272,43.239995717878855,123.29464833992199,181.39269711462345,0.027121892954828686,0.007698058699996236,0.021950266750920776,0.03229351915873659,11.0
news,6,2011,652.8498030127566,94.43305617943147,589.4088126429515,716.2907933825618,140.70487272727271,35.41978437340044,116.90953780701092,164.50020764753452,0.02537508976145586,0.006387697813056887,0.021083775979623253,0.029666403543288467,11.0
news,6,2012,648.6845628088703,100.89805146807865,580.9003295065418,716.4687961111988,143.293,42.47112635341804,114.76050908005834,171.82549091994167,0.02497699145895067,0.007403020106923137,0.02000357487886671,0.029950408039034628,11.0
news,6,2013,670.9096094620858,108.3504330288281,598.1187981037715,743.7004208204,140.8265090909091,43.98619873827368,111.27617869328971,170.37683948852847,0.023893198013388038,0.007462877288475346,0.018879568831572734,0.028906827195203343,11.0
news,6,2014,663.7825696241025,105.60165213833089,592.8384143950931,734.7267248531119,137.74303636363635,38.82812871966077,111.65794455530744,163.82812817196526,0.023283136640236034,0.006563240148691814,0.018873891912661846,0.027692381367810222,11.0
news,6,2015,672.1612926848895,115.48759694765502,594.5756693638905,749.7469160058886,145.11085454545457,50.08483530340025,111.4634043547197,178.75830473618944,0.024412997063501776,0.00842611630272548,0.018752255106783255,0.030073739020220296,11.0
news,6,2016,673.5245852878402,99.96577637794802,606.366662913145,740.6825076625354,137.30025454545455,36.37119368490299,112.86575415273266,161.73475493817645,0.02163571612755351,0.005731357340829341,0.01778533787468211,0.025486094380424908,11.0
news,6,2017,711.2648147062888,116.86361314104511,632.7547711281746,789.774858284403,141.98898181818186,45.63298487212552,111.33232544229153,172.64563819407218,0.019625291198090093,0.0063072543016068445,0.015388020102597304,0.02386256229358288,11.0
news,6,2018,687.1427614780868,93.15195077314993,624.5624294310218,749.7230935251517,136.29187272727273,33.05602142645393,114.0845353623246,158.49921009222086,0.019293866467620716,0.004679504731944216,0.01615013241256011,0.022437600522681324,11.0
news,6,2019,693.7748097499228,91.76552906128985,632.1258884823997,755.423731017446,134.7543645472764,30.93857608565231,113.9695463182031,155.5391827763497,0.018015289377978125,0.004136173273482929,0.015236570363396134,0.020794008392560116,11.0
news,6,2020,662.1219390736377,97.8590747200741,596.3793181304167,727.8645600168587,138.5405272727273,36.33725888002811,114.12882459212412,162.9522299533305,0.019379007871412404,0.005082844996506939,0.0159643061396173,0.022793709603207507,11.0
news,6,2021,683.7863117413667,91.40918886496607,622.3767830750996,745.1958404076338,133.61602273168984,31.503030275440796,112.45199901814587,154.7800464452338,0.01911531083429039,0.0045068712840401716,0.016087553507603127,0.022143068160977653,11.0
news,6,2022,682.4939225888244,96.8018725144643,617.4615397513953,747.5263054262534,139.00723001094497,33.9624346560776,116.19095595265973,161.82350406923018,0.019923639101468386,0.0048677704824534335,0.016653426394246766,0.023193851808690005,11.0
news,6,2023,696.8621971954603,95.71677667905774,632.5587916593012,761.1656027316195,134.25796972262933,31.7603744614928,112.9210598324691,155.59487961278955,0.0177589907040515,0.004201107733001692,0.014936648125987977,0.020581333282115023,11.0
news,8,1990,1558.274280740417,111.91797384923134,1478.212985245125,1638.335576235709,476.966672155753,54.3200091836607,438.10847845383137,515.8248658576746,0.21104720006891728,0.024035402293655177,0.1938533090503679,0.22824109108746665,10.0
news,8,1991,981.1163613123833,18.475519864565108,951.7176863467928,1010.5150362779739,297.64374094973294,2.0936919952003246,294.31220977246926,300.97527212699663,0.1935264895641957,0.0013613081893370264,0.19136034445544164,0.19569263467294973,4.0
news,8,1992,1213.5022177887377,136.43569758731107,1121.8434689679034,1305.160966609572,375.3965335777644,86.12061284968723,317.5399186223252,433.25314853320356,0.16279121143875297,0.03734631953585742,0.13770161258557034,0.1878808102919356,11.0
news,8,1993,1087.7657797876368,78.03578940250617,1035.340623128746,1140.1909364465275,321.856345183712,68.09866682981678,276.1070383060641,367.6056520613599,0.1368436841767483,0.028953514808595565,0.11739244825938101,0.15629492009411558,11.0
news,8,1994,1067.0700396510033,54.631001721646555,1027.989375289328,1106.1507040126785,282.3050863841957,38.17214053586158,254.99838203618438,309.61179073220706,0.1113629532087557,0.015058043603890167,0.10059107772630546,0.12213482869120593,10.0
news,8,1995,865.8844310998212,111.39154289282467,791.0505743355768,940.7182878640656,273.71894074042217,68.7021667239252,227.56419711721816,319.8736843636262,0.10966303715561786,0.02752490654003414,0.0911715533322188,0.12815452097901692,11.0
news,8,1996,798.7269817381202,65.25729094195849,754.8865371554309,842.5674263208095,246.19428500114967,40.62309234865659,218.90332021879667,273.48524978350264,0.09792930986521466,0.016158747950937385,0.0870737152819398,0.10878490444848951,11.0
news,8,1997,790.5809148291944,73.53831473689984,737.9747735287089,843.18705612968,256.8334574675706,40.073380132095174,228.1666882444887,285.50022669065254,0.0985546651832581,0.015377352314695005,0.08755437000939705,0.10955496035711916,10.0
news,8,1998,877.4579866269036,82.06434792021106,822.3264075300871,932.58956572372,267.31505383190046,46.53611663342009,236.05166528309297,298.57844238070794,0.06148000318120986,0.010702878710538197,0.05428971142665432,0.06867029493576539,11.0
news,8,1999,765.1781603127041,69.5966641970663,718.4224851102919,811.9338355151164,216.57008968159883,43.246348771375544,187.5167972548347,245.62338210836296,0.04710093294510631,0.009405469502256533,0.04078225255651037,0.05341961333370225,11.0
news,8,2000,715.4634524748334,73.29469028611194,666.2234095415214,764.7034954081454,192.9712477621524,40.466538475348926,165.7854573029728,220.157038221332,0.04134802823273031,0.008670781760306178,0.035522917785080946,0.04717313868037967,11.0
news,8,2001,679.9360111626711,75.41972884220577,629.2683479020401,730.6036744233021,185.29709568597374,43.40497206530703,156.1372386803442,214.45695269160328,0.040273222274717184,0.009433812663618138,0.03393550069122891,0.04661094385820546,11.0
news,8,2002,679.0179475204237,73.49649192675534,629.6423324002246,728.3935626406228,174.59601298701298,41.66652961508939,146.60405751083474,202.58796846319123,0.037092843209478005,0.008852035184850091,0.031145965054351972,0.04303972136460404,11.0
news,8,2003,707.122499738027,78.13995053005641,654.6273666814935,759.6176327945606,168.17833766233764,40.67632362896702,140.851611619276,195.50506370539927,0.03497158196347217,0.008458374636923893,0.029289168562960294,0.04065399536398405,11.0
news,8,2004,657.8023083396519,74.48538786947337,607.7623438854705,707.8422727938332,163.57085714285716,36.09824335479555,139.31972727698638,187.82198700872794,0.03218631584865351,0.007103156897834622,0.02741435011353529,0.03695828158377173,11.0
news,8,2005,654.1702956199009,77.93837797608435,601.8105808477345,706.5300103920673,157.79329870129868,38.80154488931819,131.7260661532012,183.86053124939616,0.03016503511781661,0.007417615157583287,0.02518181344928335,0.03514825678634987,11.0
news,8,2006,671.483685062872,74.49020009529238,621.4404877113961,721.5268824143479,149.67157142857144,35.81299887089226,125.61207141445472,173.73107144268815,0.028470909535585207,0.006812440340668111,0.023894249841060436,0.03304756923010998,11.0
news,8,2007,687.1516047217054,86.78092461334381,628.8513862874208,745.45182315599,154.7423896103896,41.80967129778639,126.6542702432933,182.83050897748592,0.025837767508831124,0.006981077191148169,0.021147816036616012,0.030527718981046236,11.0
news,8,2008,680.1298274300405,82.62066490651438,624.6245094964381,735.6351453636428,144.70866233766233,35.55920301707107,120.81966469813331,168.59765997719137,0.023389148591831634,0.00574740633862471,0.019527988475534715,0.027250308708128553,11.0
news,8,2009,669.4554123531078,80.1805519583103,615.5893846035922,723.3214401026235,142.53603896103894,32.973807096003526,120.38393393482242,164.68814398725544,0.02374017970703514,0.005491973200533567,0.020050621907865166,0.02742973750620511,11.0
news,8,2010,680.1815364114359,79.54001338946496,626.7458283277415,733.6172444951303,138.88650649350646,30.774294825148434,118.21205391696232,159.56095907005061,0.024726100497330695,0.005478777786211222,0.021045407498123975,0.028406793496537415,11.0
news,8,2011,639.7792899880972,69.76806529047965,592.9084659643236,686.6501140118708,131.22525974025973,25.922845850465826,113.81005493281911,148.64046454770033,0.023665511224573443,0.00467499474309573,0.020524807021247815,0.02680621542789907,11.0
news,8,2012,632.0961527384189,73.06776871307943,583.0085577921984,681.1837476846395,131.85103896103897,30.723766421365998,111.21053182804451,152.49154609403342,0.022982576078270697,0.00535537152193934,0.019384788535479265,0.026580363621062128,11.0
news,8,2013,655.8635277447198,78.6748377140889,603.0090525884596,708.7180029009801,130.26168831168832,31.448493792089547,109.13430270618689,151.38907391718973,0.02210072757239367,0.0053356792996419305,0.018516169444551558,0.025685285700235785,11.0
news,8,2014,647.6221097882913,76.99211081306039,595.8981059462318,699.3461136303507,126.22140259740259,27.53070077210784,107.72602615593037,144.7167790388748,0.02133559881632904,0.004653600536191319,0.01820926743676984,0.02446193019588824,11.0
news,8,2015,650.3689738232282,83.4424933514449,594.3115440278494,706.426403618607,131.48642857142855,35.699863570196065,107.50293388650836,155.46992325634875,0.022120866179580853,0.006006033575066633,0.018085957921687146,0.02615577443747456,11.0
news,8,2016,651.9587371262097,72.33237369976754,603.3651872723017,700.5522869801177,124.26379220779222,25.728021699002458,106.97947204622507,141.5481123693594,0.01958143589785569,0.004054210794043879,0.016857780026193675,0.022305091769517706,11.0
news,8,2017,689.1123975293683,83.07817492630339,633.2997201822957,744.9250748764409,129.4566103896104,32.51963412300712,107.60962291832448,151.30359786089633,0.0178931044076863,0.004494766292053505,0.014873479325269449,0.020912729490103154,11.0
news,8,2018,663.6360593437593,66.64997797252907,618.859994883146,708.4121238043725,123.42975324675325,23.17254075885463,107.86222854085887,138.99727795264764,0.017473068126663823,0.0032803710021028637,0.015269284901027583,0.019676851352300063,11.0
news,8,2019,674.11455870901,66.7546498496724,629.2681747245085,718.9609426935115,121.38611087109281,22.057183680994136,106.5678932457719,136.20432849641372,0.016228089688648775,0.0029488213477264894,0.014247044551573787,0.018209134825723762,11.0
news,8,2020,639.4660912922174,71.42431544519656,591.4825832744435,687.4495993099912,124.68727272727273,26.54371804435433,106.85496030448058,142.51958515006487,0.017441218733707194,0.003712927408638178,0.014946840160089604,0.019935597307324783,11.0
news,8,2021,664.3712308924846,66.93200691848921,619.4056968079012,709.336764977068,120.84563701428833,22.31808923955071,105.85214064974748,135.83913337882916,0.017288360087881018,0.0031928596909228486,0.01514336776105114,0.019433352414710895,11.0
news,8,2022,657.8302241734589,69.72291118982082,610.9897350872692,704.6707132596486,125.78639791270854,23.770410293290716,109.81721898835393,141.75557683706316,0.018028722647657806,0.003406967219906939,0.01573989092566345,0.02031755436965216,11.0
news,8,2023,674.0038081636994,69.31011039400468,627.4406424256206,720.5669739017783,119.85266246956714,21.811107168834482,105.1997612945419,134.50556364459237,0.015853526781688772,0.002885067085824666,0.01391531234054787,0.017791741222829675,11.0
paper,6,1990,11784.253287211135,4703.062410434122,8624.692968396303,14943.813606025968,1153.059538819489,343.96203320036284,921.9827007006386,1384.1363769383395,0.09168001421797642,0.027348495921154712,0.07330704466093974,0.1100529837750131,11.0
paper,6,1991,4166.340877041213,1745.6012173864185,2993.6300223664416,5339.051731715985,793.2654214246413,227.84749946821236,640.1953884895487,946.335454359734,0.0627682719911886,0.01802876242033647,0.05065638459325439,0.07488015938912282,11.0
paper,6,1992,2591.1430362353344,1077.7546575395995,1867.0976053634818,3315.188467107187,697.7720816757615,186.84142395474478,572.2503051140554,823.2938582374675,0.05380307515427261,0.014406771837053342,0.04412447413941363,0.06348167616913158,11.0
paper,6,1993,2128.1308750739827,952.6484687277659,1488.1329254626517,2768.1288246853137,629.5071889261474,180.3215109795185,508.36554950082035,750.6488283514743,0.04819009331134865,0.013803989204586887,0.03891644717911815,0.05746373944357915,11.0
paper,6,1994,2053.8928624491778,853.4799807755466,1480.5172095599899,2627.2685153383654,621.604896629623,157.0601660869103,516.0904413390195,727.1193519202264,0.0471269823070222,0.011907518278006844,0.03912740267922815,0.05512656193481624,11.0
paper,6,1995,1752.1748180856664,673.006144482394,1300.0431381599362,2204.306498011397,545.9264508232445,135.90431601867107,454.624688997671,637.228212648818,0.04013574847987388,0.009991495075626456,0.033423370754129614,0.04684812620561815,11.0
paper,6,1996,1690.7808749932688,708.9513489079903,1214.5008781532583,2167.060871833279,557.369408766273,149.43352072507824,456.9786035461974,657.7602139863485,0.04051827629879856,0.01086315213180272,0.03322031139475119,0.04781624120284593,11.0
paper,6,1997,1607.5572510307843,613.4779860038446,1195.417132127861,2019.6973699337077,536.7625454545455,138.4125711365291,443.77571491241264,629.7493759966783,0.0384087689055131,0.009904298471307985,0.031754970655628816,0.04506256715539738,11.0
paper,6,1998,1423.4019963571473,535.702265106811,1063.5123177138082,1783.2916750004863,500.94612727272727,126.95999530958632,415.6532418610581,586.2390126843965,0.03560890867733347,0.00902473665834421,0.029546008093620846,0.04167180926104609,11.0
paper,6,1999,1442.8030128936362,552.8438297329247,1071.3974744405461,1814.2085513467262,495.0299275595251,141.40218651467254,400.03464607777806,590.0252090412721,0.03426998460086708,0.00978900564310644,0.027693641126879748,0.040846328074854416,11.0
paper,6,2000,1363.147519146624,543.8874726681047,997.7589432412478,1728.5360950520003,474.9783723446894,143.60853120903403,378.50084832870203,571.4558963606767,0.03171597037558022,0.009589244872398107,0.02527382801340158,0.03815811273775886,11.0
paper,6,2001,1407.9395856677131,570.0320131534604,1024.986868472629,1790.8923028627971,466.86307673528876,144.1492731580943,370.0222773349095,563.703876135668,0.03065014947054154,0.009463581483593376,0.024292428921672108,0.03700787001941098,11.0
paper,6,2002,1331.4750577739178,535.4534580390832,971.7525299930655,1691.19758555477,456.7040909090909,144.62868351292875,359.54121924996315,553.8669625682187,0.028892521725127532,0.009149660499331228,0.02274569616308997,0.035039347287165096,11.0
paper,6,2003,1283.7086135436691,500.7066322474295,947.3293209562337,1620.0879061311045,442.7336909090909,131.94507881115882,354.09178083157786,531.3756009866039,0.027605293110680315,0.008227028233642526,0.022078300338669275,0.033132285882691355,11.0
paper,6,2004,1234.6821678004044,471.46691699282457,917.9463832061717,1551.417952394637,424.5190909090909,124.60577625848215,340.80779137626615,508.23039044191563,0.026206499840057466,0.007692189410363734,0.021038816678576835,0.031374183001538096,11.0
paper,6,2005,1178.8470287912871,474.0757682340955,860.3585940852203,1497.3354634973539,419.5748,134.72155779663473,329.06762595978245,510.0819740402175,0.0254998662939103,0.008187769405411131,0.01999924796157667,0.031000484626243927,11.0
paper,6,2006,1197.2827135179034,480.8269431778263,874.2587777710116,1520.3066492647952,406.93134545454546,127.02581423493702,321.5942422871638,492.2684486219271,0.024279913213278367,0.007579105861273091,0.01918820061379259,0.029371625812764146,11.0
paper,6,2007,1114.582451903099,438.71094985485735,819.8524254599622,1409.3124783462356,398.2148909090909,125.28669236806799,314.0461457094776,482.3836361087042,0.02337353353930216,0.00735380010377813,0.018433183407259354,0.028313883671344967,11.0
paper,6,2008,1072.3940651161322,417.93965869377826,791.6183819488775,1353.169748283387,384.9652909090909,117.4777295269657,306.042678329174,463.88790348900784,0.022388211160749693,0.00683208662558684,0.017798352912426523,0.026978069409072863,11.0
paper,6,2009,1074.5758149455412,422.9865969517304,790.4095525216821,1358.7420773694002,384.2357818181818,120.98481389934702,302.9570778980505,465.5144857383131,0.022078709522391646,0.00695195161175355,0.017408324880655662,0.02674909416412763,11.0
paper,6,2010,1083.7448944489568,422.40202684583477,799.9713515658921,1367.5184373320214,382.7886545454546,125.25393797440752,298.6419140469159,466.93539504399337,0.021925004556128908,0.0071741759536289315,0.017105327570130925,0.02674468154212689,11.0
paper,6,2011,1151.7235492716761,423.3552442705889,867.3096262091406,1436.1374723342117,386.0456363636364,120.63322243932035,305.00313480030775,467.08813792696503,0.021956867043774107,0.006861177479201476,0.017347465294068234,0.02656626879347998,11.0
paper,6,2012,1090.3309965469941,397.92381507211536,823.0021400929685,1357.6598530010197,378.98178181818184,119.54540940450886,298.6700829955216,459.29348064084206,0.02136191769450323,0.006738369280452561,0.016835019615327296,0.025888815773679165,11.0
paper,6,2013,1127.8558831412304,440.1985301847455,832.1264866342526,1423.5852796482081,386.7329636363636,130.43213241056262,299.10746478086884,474.35846249185835,0.02174734092314928,0.0073346528938065935,0.016819854061793222,0.026674827784505337,11.0
paper,6,2014,1115.2142674964316,421.08032792126346,832.3286540327663,1398.099880960097,382.65767272727277,125.9248043456498,298.060238068031,467.2551073865145,0.02156425318271472,0.007096354147402074,0.016796857597522172,0.026331648767907268,11.0
paper,6,2015,1083.9381714326123,402.1299539875537,813.7835924061714,1354.0927504590531,376.5344181818182,121.66728525444971,294.79722376674334,458.271612596893,0.0212132066581306,0.00685449494391266,0.016608294296717934,0.025818119019543267,11.0
paper,6,2016,1095.953071305569,411.80200682240167,819.300718770814,1372.605423840324,372.3772727272728,122.60084347658534,290.0129053647544,454.7416400897912,0.020994377444171663,0.006912152194654415,0.01635073041465605,0.025638024473687276,11.0
paper,6,2017,1097.587273053322,415.67617951883796,818.3322158866363,1376.8423302200076,375.39400000000006,126.58610548659753,290.3522971892046,460.43570281079553,0.02116445847663077,0.0071368385570613705,0.016369865094954306,0.025959051858307235,11.0
paper,6,2018,1088.2979094645234,421.06689255039515,805.4213220058223,1371.1744969232245,374.1696727272727,128.20988629513008,288.0370991260513,460.3022463284941,0.02089166235216486,0.007158564282251818,0.016082473429706944,0.02570085127462278,11.0
paper,6,2019,1050.2954071574609,396.4308777610351,783.9695196362102,1316.6212946787116,371.6377090909091,125.24624874374045,287.496134287821,455.77928389399716,0.02061790341697138,0.006948474271497389,0.01594985488420644,0.025285951949736322,11.0
paper,6,2020,1104.6714657983678,417.04053906294155,824.499819418113,1384.8431121786225,385.6784181818182,131.17463644282626,297.55409833009435,473.802738033542,0.021191121878121878,0.007207397606748695,0.016349126281873315,0.02603311747437044,11.0
paper,6,2021,1039.3286574174165,390.67008397077683,776.8729238248471,1301.784391009986,372.3877090909091,124.16720409845313,288.9710463442538,455.80437183756436,0.020610344758186242,0.006872216299449474,0.01599352702813005,0.025227162488242433,11.0
paper,6,2022,1060.029481847543,400.3473273145379,791.0724877153245,1328.9864759797613,377.47943636363635,129.11973413652362,290.73561866549454,464.22325406177816,0.020919942161584815,0.007155826542702484,0.016112592477582274,0.025727291845587356,11.0
paper,6,2023,1059.1416024602722,398.5073000688479,791.4207554517071,1326.8624494688374,378.2042181818182,128.96146390060727,291.56672787493983,464.84170848869655,0.020882569608625598,0.00712061531117041,0.0160988751518381,0.025666264065413096,11.0
paper,8,1990,10823.813373407711,3061.275863675821,8767.220264552301,12880.40648226312,1187.056341629467,244.21755510625752,1022.9887556753013,1351.1239275836326,0.09438310738884206,0.019417790817067463,0.08133805801664157,0.10742815676104256,11.0
paper,8,1991,3767.8390964806135,1106.0010232218403,3024.817498938648,4510.860694022579,817.5149166157483,161.82885871696084,708.796810024855,926.2330232066417,0.06468704831585285,0.012804942136173511,0.05608457113663989,0.07328952549506582,11.0
paper,8,1992,2392.4647864683056,719.0020480582247,1909.432638064035,2875.4969348725763,719.2180207100589,133.17020476022287,629.7530598208821,808.6829815992357,0.055456706045960286,0.010268347965164844,0.04855833601826526,0.06235507607365531,11.0
paper,8,1993,1989.5393352280732,639.4247690931631,1559.9679302618338,2419.1107401943127,654.4297231540087,131.09695026583276,566.3575935861315,742.5018527218858,0.05009796548679543,0.010035746020503158,0.04335585957177766,0.05684007140181321,11.0
paper,8,1994,1903.4613783943757,591.647395627842,1505.9872496631524,2300.935507125599,636.8297770027795,117.7960451838621,557.6933170547825,715.9662369507764,0.04828125678565423,0.008930708505220781,0.0422815251747371,0.05428098839657136,11.0
paper,8,1995,1681.1136903989254,474.9475054158532,1362.0396146854573,2000.1877661123935,578.1166096161743,102.33179788884839,509.3691723622553,646.8640468700933,0.042502323894734184,0.007523290537336305,0.037448108540086414,0.047556539249381954,11.0
paper,8,1996,1602.7392283411684,495.9623968738138,1269.547156445582,1935.9313002367549,578.3024884053822,112.02032695069653,503.0462087632385,653.5587680475259,0.04204001805796614,0.008143379394496697,0.036569221340741385,0.04751081477519089,11.0
paper,8,1997,1521.2335776219604,427.7671070602463,1233.8557248077527,1808.6114304361681,557.6854203471879,104.89154125519087,487.21832410071505,628.1525165936608,0.039905933477437414,0.007505655903770368,0.03486356523082039,0.04494830172405444,11.0
paper,8,1998,1375.9161791870029,385.06766274742137,1117.2242033849593,1634.6081549890464,526.4506190461557,97.55458241911448,460.91255881413474,591.9886792781766,0.03742185236324678,0.006934502588791191,0.032763190134641365,0.04208051459185219,11.0
paper,8,1999,1378.0263145750275,391.6620235430393,1114.9041869103257,1641.1484422397293,516.077966351704,107.66559171092895,443.7472376510041,588.4086950524039,0.0357271004743305,0.007453485061331184,0.030719781076566578,0.04073441987209443,11.0
paper,8,2000,1324.5094744956289,393.47248376044234,1060.1710631071542,1588.8478858841036,499.50934049918015,109.45120698608262,425.9790191340222,573.0396618643381,0.03335398908247731,0.007308440637425389,0.028444111854568792,0.03826386631038583,11.0
paper,8,2001,1350.2888182860847,402.83209472642193,1079.6625346928854,1620.915101879284,489.90979548707804,108.48383788390223,417.0293615276487,562.7902294465074,0.03216319560708233,0.007122100701411646,0.027378503251552565,0.036947887962612086,11.0
paper,8,2002,1286.8591236627421,384.0401977832438,1028.8574082158632,1544.860839109621,480.1317792207792,109.68181346895307,406.44653431241625,553.8170241291422,0.03037463017781864,0.006938812770858043,0.025713072329500618,0.035036188026136665,11.0
paper,8,2003,1247.2869184841236,361.91294233415306,1004.1504955169107,1490.4233414513365,465.58329870129876,99.81479931750445,398.5268040959163,532.6397933066812,0.029030009895329764,0.006223643803311167,0.02484890909688965,0.03321111069376988,11.0
paper,8,2004,1212.0495776400026,343.6717593988366,981.1677481144591,1442.931407165546,449.25216883116883,94.57563733280034,385.7153911391722,512.7889465231655,0.027733327293732256,0.005838362697252938,0.02381106186426151,0.031655592723203,11.0
paper,8,2005,1163.4244349247958,348.65538925588055,929.1945573050908,1397.654312544501,443.72457142857144,103.09299937033275,374.4657520611204,512.9833907960225,0.026967580614353438,0.006265528100785995,0.022758341561998324,0.03117681966670855,11.0
paper,8,2006,1175.795617237401,352.93588031703194,938.6900665941251,1412.901167880677,433.02374025974024,98.28702308756529,366.9936196912906,499.0538608281899,0.025836738678982115,0.0058643808524800264,0.021896994014993475,0.029776483342970755,11.0
paper,8,2007,1109.0099956284762,325.15544371663816,890.5675962389922,1327.45239501796,425.5341688311688,97.060856374768,360.32779826897274,490.7405393933649,0.02497705985978569,0.005697062650394319,0.021149721093442077,0.028804398626129303,11.0
paper,8,2008,1077.8108791028824,314.7541754448656,866.3561468181194,1289.2656113876453,414.9238701298702,91.67854631668538,353.33338466529625,476.5143555944441,0.02413049550042862,0.005331697953863647,0.020548612077074507,0.027712378923782734,11.0
paper,8,2009,1076.9558277304839,321.4092133807409,861.0301801255779,1292.88147533539,413.61101298701305,95.30190551317781,349.58632169249915,477.63570428152696,0.023766650174510885,0.005476176838084112,0.020087704516031663,0.027445595832990107,11.0
paper,8,2010,1082.7692757003156,319.93730503962365,867.8324695739341,1297.706081826697,410.6925324675325,98.40216318279509,344.58505973059243,476.80000520447254,0.02352325634157354,0.005636185530831953,0.019736815380639924,0.027309697302507156,11.0
paper,8,2011,1132.7441511950053,319.457293340418,918.1298213160179,1347.3584810739928,412.6416753246753,95.0667566489108,348.7749591867113,476.5083914626393,0.023469552685967208,0.0054070502018490965,0.01983704693360889,0.027102058438325527,11.0
paper,8,2012,1087.467870506636,305.9631533918613,881.9190271972939,1293.0167138159782,406.5612467532467,94.42962158830548,343.12256377315623,469.9999297333371,0.022916478594963454,0.005322677503427399,0.01934065519266987,0.026492301997257037,11.0
paper,8,2013,1110.1441330515854,331.2850925196299,887.5837795641,1332.7044865390708,412.3583116883117,102.20963725606107,343.6929430641901,481.02368031243327,0.02318834345657716,0.005747603737055675,0.01932705072620987,0.027049636186944455,11.0
paper,8,2014,1099.6026904359294,320.95980647081785,883.9789585012138,1315.226422370645,408.710025974026,99.80314320339218,341.6613620526546,475.75868989539737,0.023032404957679685,0.005624296602050841,0.019253951087779917,0.026810858827579453,11.0
paper,8,2015,1074.4911400108488,307.28981623786945,868.0510324743099,1280.9312475473876,403.5798051948052,96.62602828403979,338.6655561187971,468.4940542708133,0.02273689043351015,0.0054437199033261835,0.019079749640495608,0.026394031226524693,11.0
paper,8,2016,1083.1241250350188,316.0573791452006,870.7938885915663,1295.4543614784711,400.8205194805195,98.38096733382879,334.7272863086699,466.91375265236917,0.022597988356572108,0.0055466520456575975,0.018871696809419282,0.026324279903724934,11.0
paper,8,2017,1080.3133374035112,316.38740237791825,867.7613883355211,1292.8652864715013,401.9205844155844,100.96566304079403,334.090929040657,469.75023979051184,0.022660009269638858,0.0056923754321922555,0.018835819419330043,0.026484199119947673,11.0
paper,8,2018,1071.8845166116337,321.9144902111303,855.6194194132515,1288.1496138100158,400.560974025974,102.543965285216,331.6710007757174,469.45094727623064,0.02236521351345472,0.00572551453295455,0.0185187605123237,0.026211666514585744,11.0
paper,8,2019,1042.0492692194368,305.06315807515676,837.1050509908654,1246.9934874480082,399.4135714285714,100.18036564480353,332.11148602280605,466.71565683433676,0.0221588666534575,0.005557856623844857,0.01842504776825554,0.02589268553865946,11.0
paper,8,2020,1084.6542765251795,317.4686496153991,871.3759356791868,1297.9326173711722,410.0629350649351,104.09093786724722,340.1336914929331,479.9921786369371,0.022530930498073354,0.005719282300398199,0.018688664367743576,0.026373196628403133,11.0
paper,8,2021,1036.3694790944635,303.9617491276369,832.1651974650005,1240.5737607239264,399.98675324675327,100.02109667455142,332.79166619110777,467.18184030239877,0.022137854397097256,0.005535814515970303,0.01841884360145604,0.025856865192738474,11.0
paper,8,2022,1051.8825420462902,311.23822900123946,842.7898547222136,1260.9752293703668,403.03224675324674,103.79031525741227,333.30496419857377,472.7595293079197,0.022336081065908155,0.0057520680147091705,0.01847178919300453,0.026200372938811778,11.0
paper,8,2023,1048.5564417790872,308.2492593906451,841.4717715620823,1255.6411119960921,403.1742857142857,103.43590836974109,333.68509694644325,472.66347448212815,0.022261293452282355,0.005711220162870138,0.01842444353964128,0.02609814336492343,11.0
