source,K,year,pp_median,rank_median,rank_norm_median,n_active,rank_q25,rank_q75
news,6,1990,1617.5582053240864,483.5,0.2139380530973451,2260,368.875,635.9749999999999
news,6,1991,988.1025335845752,311.4,0.2024707412223667,1538,242.5,412.3
news,6,1992,1223.6999061534277,342.0,0.1483087597571552,2306,239.17499999999998,485.45000000000005
news,6,1993,1104.8589081337323,283.65,0.12059948979591831,2352,180.8,425.075
news,6,1994,1196.6489421017232,289.20000000000005,0.1140828402366864,2535,199.9,415.825
news,6,1995,1016.0327392045755,266.7,0.1068509615384615,2496,176.525,387.45
news,6,1996,869.6294661207244,232.8,0.0926014319809069,2514,149.5,358.5
news,6,1997,846.3317118354706,237.6,0.0911742133537989,2606,151.05,377.15
news,6,1998,907.6728573438484,227.5,0.0523229070837166,4348,146.0,353.4
news,6,1999,766.2023620147531,161.55,0.03513484123531965,4598,102.775,277.525
news,6,2000,725.2268776501091,156.55,0.03354403256910215,4667,95.8,260.275
news,6,2001,662.2918250630223,133.9,0.0291023690502064,4601,80.5,222.6
news,6,2002,650.9110414682386,121.95,0.0259082217973231,4707,73.275,208.8
news,6,2003,675.4368110964505,118.6,0.0246620919110002,4809,76.07499999999999,203.3
news,6,2004,620.7775310067364,116.7,0.0229634002361275,5082,71.7,200.15
news,6,2005,617.3713995464204,116.5,0.0222710762760466,5231,70.775,198.95
news,6,2006,639.8579268657918,112.5,0.02140003804451205,5257,68.875,195.0
news,6,2007,645.2500401202424,112.85,0.0188428786107864,5989,70.5,194.475
news,6,2008,632.2709790142719,105.65,0.01707612736382735,6187,66.8,174.925
news,6,2009,620.6797418208978,103.85,0.01729680213191205,6004,64.4,181.4
news,6,2010,624.5937099460859,101.9,0.0181413565960477,5617,60.7,170.65
news,6,2011,597.9110328508659,100.8,0.0181785392245266,5545,60.7,175.85000000000002
news,6,2012,587.3124764632391,99.4,0.0173261286386613,5737,59.5,176.125
news,6,2013,603.8921752376825,98.05,0.01663556158805565,5894,58.2,176.45
news,6,2014,598.9842312110504,95.25,0.01610040567951315,5916,56.875,175.5
news,6,2015,588.8899046673578,93.0,0.0156460296096904,5944,56.175000000000004,171.1
news,6,2016,596.6665931263827,92.15,0.01452095808383225,6346,55.6,167.425
news,6,2017,624.2104516756655,92.0,0.0127159640635798,7235,56.4,170.8
news,6,2018,603.9118593857722,90.30000000000001,0.012783125707814199,7064,54.6,167.7
news,6,2019,610.6409432869324,89.15,0.011918449197860899,7480,53.975,175.475
news,6,2020,576.9544007293589,87.25,0.01220450412645125,7149,54.1,165.85000000000002
news,6,2021,602.7544492199165,87.55,0.0125250357653791,6990,52.7,166.675
news,6,2022,589.7458616354822,88.69999999999999,0.01271320051598105,6977,53.8,167.6
news,6,2023,619.5206604431025,88.05,0.01164682539682535,7560,53.9,167.125
news,8,1990,1613.4861168533455,490.2142857142858,0.2169089759797724,2260,394.1607142857143,626.4464285714287
news,8,1991,983.9431235166752,311.7857142857143,0.2027215307449377,1538,252.25,390.5
news,8,1992,1212.4465859927996,348.2142857142857,0.1510035931111386,2306,249.5,458.2142857142857
news,8,1993,1102.3965516160615,286.6071428571429,0.1218567784256559,2352,195.94642857142856,394.55357142857144
news,8,1994,1204.9699128366424,295.5357142857143,0.116582135812905,2535,206.78571428571428,400.50000000000006
news,8,1995,1022.4648032607172,276.7142857142857,0.1108630952380952,2496,188.28571428571428,380.3928571428571
news,8,1996,878.0999422069139,238.21428571428572,0.0947550858052051,2514,160.14285714285717,344.53571428571433
news,8,1997,843.2101155178293,243.21428571428572,0.0933285823922815,2606,159.71428571428572,353.2142857142857
news,8,1998,913.5020665344339,229.57142857142856,0.0527993165987646,4348,152.94642857142856,328.375
news,8,1999,759.8828078133852,164.60714285714286,0.0357997265892002,4598,108.0892857142857,253.03571428571428
news,8,2000,719.4974933284398,155.92857142857142,0.0334108788147785,4667,102.35714285714286,239.19642857142856
news,8,2001,652.9213071802978,132.39285714285714,0.028774800509206,4601,85.94642857142857,207.51785714285714
news,8,2002,643.5155789627213,121.78571428571428,0.0258733193723633,4707,78.0,195.6785714285714
news,8,2003,663.3479809324533,118.39285714285714,0.024619017912841948,4809,78.85714285714286,186.89285714285714
news,8,2004,611.4724280631968,117.71428571428572,0.0231629842019452,5082,75.75,182.0892857142857
news,8,2005,610.4347525049359,115.60714285714286,0.0221003905289892,5231,73.71428571428572,181.03571428571428
news,8,2006,630.3077229688371,111.89285714285715,0.0212845457757004,5257,70.98214285714286,175.625
news,8,2007,633.1218819897435,111.35714285714286,0.0185936120983708,5989,74.03571428571428,175.17857142857144
news,8,2008,621.1548115918924,104.39285714285714,0.016872936341176148,6187,69.35714285714286,161.14285714285714
news,8,2009,614.9755317099564,104.53571428571429,0.01741101170648135,6004,66.76785714285714,166.14285714285714
news,8,2010,620.3938522999479,100.5,0.0178921132277016,5617,64.19642857142857,156.35714285714286
news,8,2011,590.2667406985436,99.39285714285715,0.0179247713512817,5545,63.92857142857143,161.23214285714286
news,8,2012,581.91656066826,99.32142857142858,0.01731243307851285,5737,63.0,163.19642857142856
news,8,2013,599.4706281908466,96.35714285714286,0.0163483445634785,5894,61.285714285714285,161.10714285714286
news,8,2014,591.9630177312052,94.39285714285715,0.015955520139090053,5916,60.55357142857143,159.25
news,8,2015,582.1202262464276,95.85714285714286,0.0161267064026148,5944,60.285714285714285,159.625
news,8,2016,588.1503718267759,93.39285714285715,0.014716806987528652,6346,59.392857142857146,156.21428571428572
news,8,2017,616.4709195900498,93.71428571428572,0.0129529074933359,7235,59.285714285714285,156.57142857142858
news,8,2018,591.210854113828,92.0,0.0130237825594563,7064,57.857142857142854,156.125
news,8,2019,611.7481842578648,91.10714285714285,0.0121800993124522,7480,57.142857142857146,156.89285714285714
news,8,2020,570.2016861882676,89.75,0.012554203385088801,7149,56.392857142857146,151.92857142857142
news,8,2021,595.4168053359722,88.53571428571428,0.0126660535458818,6990,55.26785714285714,153.39285714285714
news,8,2022,580.6793859390912,89.28571428571429,0.0127971498187923,6977,55.92857142857143,152.80357142857142
news,8,2023,611.1266128109557,88.64285714285714,0.011725245653817,7560,55.66071428571429,155.07142857142858
paper,6,1990,10467.592850732952,1043.45,0.08296493599427525,12577,673.675,1550.55
paper,6,1991,3591.3569084439214,676.9,0.0535606899825921,12638,406.4,1094.45
paper,6,1992,2334.7338515182787,596.3,0.045978872696429904,12969,346.4,947.8000000000001
paper,6,1993,2018.3450101944281,551.3,0.04220316925667915,13063,316.75,894.75
paper,6,1994,1840.8905286995248,526.0,0.0398786959818044,13190,291.0,859.75
paper,6,1995,1684.4937094682186,502.3,0.036928392883399455,13602,278.725,813.475
paper,6,1996,1542.0440918965219,481.1,0.0349738296016283,13756,274.075,799.0
paper,6,1997,1448.030594356896,471.5,0.0337388193202146,13975,269.45000000000005,786.375
paper,6,1998,1373.078764272932,463.29999999999995,0.032932897355700846,14068,258.79999999999995,761.075
paper,6,1999,1318.3452335690156,455.75,0.031550709588092696,14445,254.75,746.325
paper,6,2000,1334.9313445828577,444.4,0.029674145299145298,14976,249.14999999999998,740.45
paper,6,2001,1300.6029543407055,437.1,0.0286961659663865,15232,244.9,717.5
paper,6,2002,1246.7642004042077,436.5,0.0276143480736382,15807,244.39999999999998,722.9
paper,6,2003,1229.7605518702753,423.45000000000005,0.0264029180695847,16038,234.8,710.1
paper,6,2004,1232.0968166075977,418.45,0.025831841471695753,16199,234.2,695.9000000000001
paper,6,2005,1202.3089942406768,419.95,0.025522669259754403,16454,230.70000000000002,693.125
paper,6,2006,1167.1034076797077,409.6,0.0244391408114558,16760,226.925,680.475
paper,6,2007,1138.9140633471236,410.1,0.02407113928508535,17037,221.4,682.5
paper,6,2008,1120.1127006270763,404.3,0.023512649025879552,17195,225.17499999999998,677.65
paper,6,2009,1104.8896392877318,396.8,0.0228006665517439,17403,224.2,671.8249999999999
paper,6,2010,1096.711779299821,394.70000000000005,0.0226072512744143,17459,222.475,669.875
paper,6,2011,1094.850939074153,393.0,0.02235240586963935,17582,221.95,656.275
paper,6,2012,1079.0111484445385,388.75,0.0219125190237303,17741,217.95,651.025
paper,6,2013,1068.9165610452674,388.25,0.0218326491593094,17783,216.325,643.9749999999999
paper,6,2014,1053.1109973240877,388.4,0.0218878557340095,17745,215.22500000000002,635.425
paper,6,2015,1039.6218676839885,388.9,0.0219098591549295,17750,214.725,638.325
paper,6,2016,1045.277193399305,385.7,0.0217455037492247,17737,213.775,636.75
paper,6,2017,1035.9980387179244,383.20000000000005,0.02160455544906125,17737,213.6,629.55
paper,6,2018,1027.1542081051125,384.20000000000005,0.0214517029592406,17910,215.775,635.25
paper,6,2019,1013.3085370508891,379.8,0.0210707350901525,18025,213.70000000000002,642.05
paper,6,2020,1028.5172373175537,382.79999999999995,0.021032967032967,18200,215.17499999999998,645.925
paper,6,2021,1019.5117519525195,381.6,0.0211202125304405,18068,216.325,639.9250000000001
paper,6,2022,1014.5408504416256,378.15,0.02095710485479935,18044,212.975,643.25
paper,6,2023,1018.1452288513347,380.45,0.02100657059245755,18111,215.22500000000002,644.65
paper,8,1990,9603.792907506968,1042.142857142857,0.0828610047819716,12577,723.8571428571429,1483.0
paper,8,1991,3197.9849084557013,705.7857142857143,0.0558463138380846,12638,450.0357142857142,1040.3214285714284
paper,8,1992,2092.325764625888,612.7857142857142,0.04725003579965405,12969,378.5535714285715,918.875
paper,8,1993,1813.0827716550443,562.2857142857143,0.0430441486860379,13063,345.0,857.9285714285714
paper,8,1994,1703.7209811916512,538.4642857142858,0.040823675944979945,13190,324.7321428571429,821.7142857142858
paper,8,1995,1537.379766745095,513.9285714285714,0.0377833091772218,13602,309.7142857142857,779.2857142857143
paper,8,1996,1433.967209119697,500.6428571428572,0.0363945083703734,13756,300.92857142857144,758.7142857142858
paper,8,1997,1327.289321289756,485.2142857142857,0.0347201635573728,13975,294.64285714285717,738.5714285714286
paper,8,1998,1260.0565328129746,475.5,0.0338001137332954,14068,286.7142857142857,713.6428571428571
paper,8,1999,1223.3084435625406,459.42857142857144,0.0318053701231271,14445,281.3928571428571,696.8928571428571
paper,8,2000,1208.3183505526567,452.6428571428572,0.0302245497557997,14976,272.82142857142856,681.9285714285714
paper,8,2001,1196.4436020529513,438.07142857142856,0.028759941476590598,15232,270.2678571428571,662.0178571428571
paper,8,2002,1141.965314570075,436.7142857142857,0.027627904454626748,15807,270.5178571428571,655.9642857142857
paper,8,2003,1133.9649739260394,427.3571428571429,0.0266465359057951,16038,262.625,646.4285714285714
paper,8,2004,1121.697671008511,418.42857142857144,0.02583051863871665,16199,258.19642857142856,640.7678571428571
paper,8,2005,1104.3539717903577,412.03571428571433,0.02504167462536245,16454,258.375,637.1071428571429
paper,8,2006,1080.592484787248,409.6071428571429,0.02443956699624955,16760,250.53571428571428,631.0535714285714
paper,8,2007,1054.6291433451447,404.0357142857143,0.023715191306316448,17037,246.92857142857144,620.625
paper,8,2008,1045.6702639483715,400.6071428571429,0.0232978855979728,17195,244.44642857142856,613.7857142857142
paper,8,2009,1024.8099680161104,391.28571428571433,0.022483808210407,17403,240.78571428571428,608.25
paper,8,2010,1018.1522950399014,389.75,0.0223237298814365,17459,240.4107142857143,606.0892857142858
paper,8,2011,1026.7636191177166,385.25,0.021911614150836048,17582,239.125,605.1964285714286
paper,8,2012,1008.2834068759016,382.1071428571428,0.0215380836963611,17741,236.23214285714283,602.1428571428571
paper,8,2013,1000.8980865675288,381.42857142857144,0.021449056482515348,17783,232.875,597.4464285714286
paper,8,2014,996.0998193789559,378.75,0.02134404057480975,17745,235.12499999999997,598.8571428571429
paper,8,2015,981.5359250746546,378.3928571428571,0.02131790744466795,17750,231.7321428571429,600.4642857142858
paper,8,2016,989.4615370240736,379.5,0.0213959519648193,17737,236.39285714285714,601.8928571428571
paper,8,2017,980.0215786927954,374.78571428571433,0.0211301637416538,17737,235.98214285714286,598.3035714285714
paper,8,2018,980.2085303978338,377.82142857142856,0.02109555715083345,17910,236.44642857142856,603.2678571428571
paper,8,2019,956.2940038618476,376.7857142857143,0.0209035070338815,18025,234.78571428571428,600.9107142857142
paper,8,2020,967.0113393840159,380.8928571428571,0.0209281789638932,18200,232.2857142857143,599.125
paper,8,2021,971.641247280147,377.28571428571433,0.020881432050349397,18068,232.7857142857143,603.4821428571429
paper,8,2022,966.1485938154093,376.1071428571428,0.0208438895398549,18044,233.69642857142856,599.0892857142857
paper,8,2023,959.4045045435438,376.6785714285714,0.020798330927534102,18111,232.0,601.25
