min_share,max_share,year,run,V_t,E_t,n_core,R_t,S_t,H_t,Q_cp,C_t
0.0,1.0,1990,0,12593,397239,3448,0.2738029063765584,1072,0.09410445411038916,0.41162049777169885,
0.0,1.0,1991,0,12657,417466,3616,0.2856917120960733,1154,0.08241578725820349,0.4133917867611408,0.5929203539823009
0.0,1.0,1992,0,12986,445814,3759,0.28946557831510855,1286,0.08137936364271374,0.4152633529049727,0.5759510508113861
0.0,1.0,1993,0,13079,461959,3839,0.29352396972245587,1327,0.07946731428401604,0.4151527021504853,0.5673352435530086
0.0,1.0,1994,0,13207,483525,3853,0.29173922919663814,1333,0.08151359772441806,0.41515482169416695,0.5689073449260317
0.0,1.0,1995,0,13617,503236,3796,0.2787691855768525,1216,0.08744924222824536,0.41568870021499266,0.5640147523709167
0.0,1.0,1996,0,13774,535092,3953,0.28698998112385654,1165,0.08321986477974279,0.416498071343238,0.5689349860865165
0.0,1.0,1997,0,13990,548813,4082,0.2917798427448177,1355,0.08016048276380261,0.4171564784342556,0.563939245467908
0.0,1.0,1998,0,14084,572367,4033,0.2863533087191139,1212,0.08411235868429615,0.41690135156428654,0.5546739399950409
0.0,1.0,1999,0,14465,616762,4284,0.2961631524369167,1477,0.07670453802436006,0.4188051907870423,0.5651260504201681
0.0,1.0,2000,0,15000,683122,4381,0.29206666666666664,1423,0.07754506930880221,0.41958099234707047,0.5503309746633189
0.0,1.0,2001,0,15252,725997,4497,0.29484657749803306,1455,0.07487100460668338,0.4201660234278094,0.536579942183678
0.0,1.0,2002,0,15823,1036508,5255,0.33211148328382734,1659,0.05308121212999081,0.43589974014628263,0.5828734538534729
0.0,1.0,2003,0,16064,977125,5070,0.31561254980079684,1513,0.06251337293667743,0.4302559048796445,0.516370808678501
0.0,1.0,2004,0,16228,1000259,5137,0.31655163914222334,1560,0.0637287400560443,0.42866128420366756,0.5232626046330543
0.0,1.0,2005,0,16469,1106209,5118,0.31076568097637985,1432,0.06448167139829834,0.431184359603292,0.5089878858929269
0.0,1.0,2006,0,16779,1197019,5313,0.3166458072590738,1639,0.059583918347083355,0.4326052488964082,0.5134575569358177
0.0,1.0,2007,0,17059,1247769,5414,0.31736913066416556,1725,0.059668328318446526,0.4322073855210889,0.5097894347986701
0.0,1.0,2008,0,17229,1318524,5487,0.3184746648093331,1637,0.059200750492349505,0.4324575453272949,0.48715144887916895
0.0,1.0,2009,0,17423,1400948,5582,0.3203811054353441,1583,0.05798883163508236,0.4331089285840512,0.4980293801504837
0.0,1.0,2010,0,17478,1484113,5671,0.32446504176679253,1610,0.057147861547430574,0.43314438859011956,0.4896843590195733
0.0,1.0,2011,0,17612,1535196,5592,0.3175107880990234,1600,0.05841819296317445,0.4332296760445772,0.4853361945636624
0.0,1.0,2012,0,17767,1567243,5726,0.32228288399842403,1580,0.05791855302985846,0.4332092322009,0.4896961229479567
0.0,1.0,2013,0,17813,1594207,5724,0.32133834839723796,1651,0.058284389633360544,0.43359051641044694,0.48549965059399025
0.0,1.0,2014,0,17768,1613834,5550,0.3123592976136875,1499,0.06195880204528854,0.4335807120045811,0.4790990990990991
0.0,1.0,2015,0,17773,1610502,5735,0.3226804703764137,1679,0.05986949009926202,0.4335398734463015,0.4894507410636443
0.0,1.0,2016,0,17782,1600252,5724,0.32189854909459004,1671,0.059534169270730346,0.4342416739401271,0.47589098532494756
0.0,1.0,2017,0,17775,1645430,5783,0.32534458509142056,1702,0.05639452145105376,0.4350794030800922,0.4909216669548677
0.0,1.0,2018,0,17944,1738169,5716,0.3185465893892109,1672,0.05702554454097641,0.4367141916469104,0.4828551434569629
0.0,1.0,2019,0,18065,1825458,5840,0.3232770550788818,1754,0.054254961062112944,0.4386493354696459,0.4965753424657534
0.0,1.0,2020,0,18242,1921388,5839,0.3200855169389321,1679,0.05466854340396928,0.4397029978141136,0.47679397157047443
0.0,1.0,2021,0,18118,1983661,5936,0.3276299812341318,1764,0.051219068082911316,0.4409604601123682,0.4932614555256065
0.0,1.0,2022,0,18090,1954473,5947,0.3287451630735213,1825,0.05130542028827085,0.44196184247146014,0.4820918109971414
0.0,1.0,2023,0,18159,2009733,5842,0.32171375075720027,1749,0.05184007343440019,0.44298790919323916,0.4762067785005135
0.0,1.0,1990,1,12593,397239,3651,0.2899229730802827,1142,0.08428400393974374,0.4117214125089156,
0.0,1.0,1991,1,12657,417466,3661,0.2892470569645256,1178,0.08057101881000414,0.4133181318324459,0.5837202950013658
0.0,1.0,1992,1,12986,445814,3751,0.2888495302633605,1311,0.08145521809131355,0.41525739110916327,0.5771794188216476
0.0,1.0,1993,1,13079,461959,3718,0.2842724978973928,1243,0.08524902911876886,0.4151273362648114,0.5559440559440559
0.0,1.0,1994,1,13207,483525,3800,0.28772620579995456,1249,0.08450900277008308,0.4151115533154438,0.5668421052631578
0.0,1.0,1995,1,13617,503236,3917,0.2876551369611515,1320,0.08311765795868041,0.4155713488484675,0.5688026550931835
0.0,1.0,1996,1,13774,535092,3879,0.2816175402933062,1225,0.08553330939443562,0.41663196810698894,0.5622583139984532
0.0,1.0,1997,1,13990,548813,4012,0.28677626876340245,1326,0.0842349571425305,0.4169948622515975,0.572283150548355
0.0,1.0,1998,1,14084,572367,3985,0.28294518602669694,1203,0.08588940018167254,0.41705846269960833,0.564366373902133
0.0,1.0,1999,1,14465,616762,4275,0.2955409609402005,1404,0.07699517800348826,0.41880881265069697,0.5707602339181286
0.0,1.0,2000,1,15000,683122,4379,0.2919333333333333,1433,0.07734536748993164,0.41962222473569344,0.5510390500114182
0.0,1.0,2001,1,15252,725997,4426,0.29019145030159976,1410,0.07729752444628943,0.4201658633411449,0.5404428377767736
0.0,1.0,2002,1,15823,1036508,5168,0.32661315806105035,1564,0.05490248995964688,0.4359072379502604,0.5822368421052632
0.0,1.0,2003,1,16064,977125,5039,0.3136827689243028,1606,0.06298169377092455,0.43026686950149257,0.5129986108354831
0.0,1.0,2004,1,16228,1000259,5100,0.31427162928272123,1546,0.06431926182237599,0.42865558550824756,0.5247058823529411
0.0,1.0,2005,1,16469,1106209,5231,0.317627056894772,1630,0.06169223875678136,0.43120029193152865,0.5201682278722998
0.0,1.0,2006,1,16779,1197019,5309,0.31640741402944156,1628,0.05952323467532806,0.4326017508515151,0.5093237897909211
0.0,1.0,2007,1,17059,1247769,5400,0.3165484494987983,1625,0.060172908093278465,0.43220115441529383,0.5068518518518519
0.0,1.0,2008,1,17229,1318524,5423,0.31475999767833307,1621,0.06045085830905301,0.43245314686229824,0.502120597455283
0.0,1.0,2009,1,17423,1400948,5587,0.32066808241978995,1587,0.05795899344309381,0.43311672715029265,0.5058170753534992
0.0,1.0,2010,1,17478,1484113,5482,0.3136514475340428,1568,0.06075869540072841,0.43316409938682027,0.48066399124407155
0.0,1.0,2011,1,17612,1535196,5599,0.31790824437883264,1660,0.05807651144297352,0.43322741545752663,0.48776567244150737
0.0,1.0,2012,1,17767,1567243,5689,0.32020037147520686,1745,0.05885998522897818,0.4332262551152534,0.4904201089822464
0.0,1.0,2013,1,17813,1594207,5750,0.3227979565485881,1671,0.05804703213610586,0.4336175034900488,0.487304347826087
0.0,1.0,2014,1,17768,1613834,5624,0.3165240882485367,1630,0.05984360867568173,0.4335731441382814,0.47741820768136556
0.0,1.0,2015,1,17773,1610502,5869,0.33021999662409274,1677,0.05733975230947534,0.43349642104910446,0.4869654114840688
0.0,1.0,2016,1,17782,1600252,5745,0.3230795186143291,1761,0.05907812522487105,0.4342817319310844,0.47919930374238473
0.0,1.0,2017,1,17775,1645430,5714,0.3214627285513361,1732,0.05795356271138725,0.43507905758112386,0.4767238361918096
0.0,1.0,2018,1,17944,1738169,5835,0.3251783325902809,1750,0.055408891620389034,0.43671838561207227,0.486375321336761
0.0,1.0,2019,1,18065,1825458,6008,0.33257680597841127,1818,0.051280715814333674,0.43864896165554557,0.4868508655126498
0.0,1.0,2020,1,18242,1921388,5888,0.32277162591821074,1699,0.05347360419866494,0.43973370233674963,0.46229619565217395
0.0,1.0,2021,1,18118,1983661,5853,0.3230489016447732,1810,0.052567212148401835,0.44097914421699874,0.4807790876473603
0.0,1.0,2022,1,18090,1954473,5808,0.32106135986733003,1730,0.053846361814994435,0.44194808861518065,0.47882231404958675
0.0,1.0,2023,1,18159,2009733,5919,0.3259540723608128,1786,0.05061068126413802,0.4429578175787127,0.4825139381652306
0.0,1.0,1990,2,12593,397239,3411,0.270864766139919,1111,0.09461129989623479,0.4117559473534258,
0.0,1.0,1991,2,12657,417466,3567,0.28182033657264755,1139,0.08586033280651242,0.41326888394137296,0.5884496776002243
0.0,1.0,1992,2,12986,445814,3694,0.28446018789465577,1223,0.08406453169350261,0.4152591222293163,0.5828370330265296
0.0,1.0,1993,2,13079,461959,3812,0.29145959171190455,1352,0.08062764187538332,0.4150959030731031,0.5608604407135362
0.0,1.0,1994,2,13207,483525,3815,0.2888619671386386,1211,0.08370401034751074,0.41510890218858726,0.563302752293578
0.0,1.0,1995,2,13617,503236,3829,0.28119262686347946,1215,0.08623969826292333,0.41564650294773886,0.5617654740141029
0.0,1.0,1996,2,13774,535092,3876,0.28139973863801365,1119,0.08556918231960645,0.4165652522915045,0.5652734778121775
0.0,1.0,1997,2,13990,548813,4042,0.2889206576125804,1339,0.08231530336709476,0.4170840125084951,0.5635823849579416
0.0,1.0,1998,2,14084,572367,4180,0.29679068446464074,1384,0.07724777363155604,0.41718942770041634,0.5641148325358851
0.0,1.0,1999,2,14465,616762,4243,0.29332872450743175,1394,0.07792030116676349,0.41878790161050805,0.5566815932123498
0.0,1.0,2000,2,15000,683122,4358,0.2905333333333333,1422,0.07835136638457842,0.4195563043953913,0.5571363010555301
0.0,1.0,2001,2,15252,725997,4532,0.2971413585103593,1524,0.07367195247447003,0.42020706468980323,0.5489849955869373
0.0,1.0,2002,2,15823,1036508,5257,0.3322378815648107,1579,0.052961007559365655,0.4359085941241923,0.5801788092067719
0.0,1.0,2003,2,16064,977125,5110,0.3181025896414343,1659,0.06084757641093593,0.43027045341307074,0.5093933463796477
0.0,1.0,2004,2,16228,1000259,5082,0.3131624352970175,1647,0.06431160219933431,0.4286764261815447,0.5153482880755609
0.0,1.0,2005,2,16469,1106209,5276,0.3203594632339547,1569,0.06091468885668779,0.4311800824772429,0.5130780894617134
0.0,1.0,2006,2,16779,1197019,5314,0.3167054055664819,1654,0.059489430706824095,0.4325736562517201,0.5077154685735792
0.0,1.0,2007,2,17059,1247769,5377,0.3152001875842664,1559,0.06077584255382921,0.4321814712912474,0.49730332899386276
0.0,1.0,2008,2,17229,1318524,5459,0.31684949793952055,1571,0.059984300358773675,0.43245643922172083,0.49954204066678876
0.0,1.0,2009,2,17423,1400948,5591,0.3208976640073466,1640,0.05768830703431727,0.43311824193344584,0.5038454659273832
0.0,1.0,2010,2,17478,1484113,5496,0.31445245451424647,1579,0.06092263210083713,0.4331640252024864,0.4854439592430859
0.0,1.0,2011,2,17612,1535196,5526,0.3137633431751079,1628,0.05958893495808122,0.433226212296302,0.4980094100615273
0.0,1.0,2012,2,17767,1567243,5725,0.3222265998761749,1714,0.057903975896722026,0.4332217041327688,0.49554585152838426
0.0,1.0,2013,2,17813,1594207,5711,0.3206085443215629,1622,0.058785662200521054,0.4335865455474425,0.4815268779548241
0.0,1.0,2014,2,17768,1613834,5615,0.3160175596578118,1628,0.06023190331837583,0.43360024811189,0.48192341941228856
0.0,1.0,2015,2,17773,1610502,5777,0.32504360546896977,1700,0.05888838493295131,0.4335380004445837,0.4843344296347585
0.0,1.0,2016,2,17782,1600252,5689,0.3199302665616916,1658,0.06053495718378043,0.43425592158553755,0.4767094392687643
0.0,1.0,2017,2,17775,1645430,5719,0.3217440225035162,1674,0.0579871361328862,0.4350514721622635,0.4845252666550096
0.0,1.0,2018,2,17944,1738169,5795,0.32294917521176997,1754,0.05577558232417491,0.4367653368384499,0.4950819672131147
0.0,1.0,2019,2,18065,1825458,5889,0.3259894824245779,1664,0.05348990281837357,0.4386389248211376,0.48802852776362715
0.0,1.0,2020,2,18242,1921388,5811,0.3185505975222015,1632,0.0550966113466763,0.43972994542364696,0.4713474445018069
0.0,1.0,2021,2,18118,1983661,5843,0.3224969643448504,1702,0.05283118665963264,0.4409554656504725,0.480403902105083
0.0,1.0,2022,2,18090,1954473,5960,0.3294637921503593,1777,0.05096234403855682,0.4419458085998993,0.48892617449664433
0.0,1.0,2023,2,18159,2009733,5920,0.32600914147254806,1797,0.05061039079620162,0.44296475794699736,0.4859797297297297
0.0,1.0,1990,3,12593,397239,3566,0.28317319145557057,1190,0.08816330716126533,0.41169057007866067,
0.0,1.0,1991,3,12657,417466,3578,0.28268942087382476,1144,0.08521315748279736,0.41326056286642593,0.5785354946897708
0.0,1.0,1992,3,12986,445814,3663,0.28207300169413213,1105,0.08612819505530397,0.41511039416580553,0.5749385749385749
0.0,1.0,1993,3,13079,461959,3797,0.2903127150393761,1234,0.0830487371029996,0.41489202568869354,0.5704503555438505
0.0,1.0,1994,3,13207,483525,3833,0.2902248807450594,1229,0.08325375994877172,0.41502084080418505,0.5590920949647795
0.0,1.0,1995,3,13617,503236,3770,0.27685980759344936,1230,0.0890630342857545,0.41570283156850546,0.5673740053050398
0.0,1.0,1996,3,13774,535092,4027,0.29236242195440687,1330,0.07817143642222787,0.4166714591846797,0.5776011919543085
0.0,1.0,1997,3,13990,548813,4142,0.29606862044317367,1357,0.07790482767593035,0.4171462866234646,0.5514244326412361
0.0,1.0,1998,3,14084,572367,4058,0.2881283726214144,1275,0.08263969873988332,0.41719343455167224,0.543371118777723
0.0,1.0,1999,3,14465,616762,4191,0.28973384030418253,1301,0.08057801423224517,0.41871759504465883,0.5566690527320448
0.0,1.0,2000,3,15000,683122,4206,0.2804,1377,0.08412455181997774,0.41957214945745935,0.5504041844983357
0.0,1.0,2001,3,15252,725997,4461,0.29248623131392604,1462,0.07673080518846721,0.4201554209019706,0.5552566689083165
0.0,1.0,2002,3,15823,1036508,5260,0.3324274789862858,1645,0.05301421156876637,0.4359116820992826,0.5804182509505704
0.0,1.0,2003,3,16064,977125,5075,0.3159238047808765,1570,0.06243408964061248,0.43027202104829937,0.5129064039408867
0.0,1.0,2004,3,16228,1000259,4971,0.3063224057185112,1550,0.06748127269322808,0.42869041806298297,0.515590424461879
0.0,1.0,2005,3,16469,1106209,5186,0.3148946505555893,1578,0.06291293611549324,0.43119048837097135,0.5183185499421519
0.0,1.0,2006,3,16779,1197019,5287,0.315096251266464,1583,0.05995624199151063,0.43261000496925134,0.5050122943067903
0.0,1.0,2007,3,17059,1247769,5294,0.3103347206753034,1529,0.0625316040897958,0.43218552210925876,0.4984888553078958
0.0,1.0,2008,3,17229,1318524,5566,0.3230599570491613,1594,0.058111146301869476,0.4324627270390543,0.5086237872799138
0.0,1.0,2009,3,17423,1400948,5580,0.32026631464156574,1564,0.05817551161984044,0.43311751090065004,0.4976702508960573
0.0,1.0,2010,3,17478,1484113,5676,0.32475111568829385,1677,0.05687467377447219,0.43316979187105875,0.48960535588442566
0.0,1.0,2011,3,17612,1535196,5492,0.311832841244606,1560,0.06064631385968811,0.43320610457638165,0.47541879096868167
0.0,1.0,2012,3,17767,1567243,5706,0.3211572015534418,1627,0.05851730715812025,0.43317691938389974,0.4926393270241851
0.0,1.0,2013,3,17813,1594207,5731,0.32173131982260145,1665,0.0579639530816264,0.4336018300318676,0.4911882742976793
0.0,1.0,2014,3,17768,1613834,5568,0.3133723547951373,1603,0.060926971858898143,0.4336024302868473,0.4757543103448276
0.0,1.0,2015,3,17773,1610502,5719,0.32178022843639226,1630,0.06039145611846971,0.43351164448655316,0.4827767092148977
0.0,1.0,2016,3,17782,1600252,5729,0.32217973231357555,1590,0.05959601225308786,0.4342347761921153,0.4862977832082388
0.0,1.0,2017,3,17775,1645430,5792,0.32585091420534457,1711,0.05653879851423949,0.4350790180658883,0.48135359116022103
0.0,1.0,2018,3,17944,1738169,5770,0.32155595185020064,1651,0.05653998299937823,0.43669145394996167,0.4819757365684575
0.0,1.0,2019,3,18065,1825458,5921,0.3277608635482978,1754,0.05274620024433056,0.43866053750447725,0.4924843776389124
0.0,1.0,2020,3,18242,1921388,5870,0.3217848920074553,1758,0.05362031987787644,0.439738786198691,0.4742759795570698
0.0,1.0,2021,3,18118,1983661,5876,0.3243183574345954,1752,0.05228274514692343,0.4409524672729327,0.4823008849557522
0.0,1.0,2022,3,18090,1954473,5924,0.32747374239911553,1826,0.051549596714813475,0.44194288886635774,0.48531397704253887
0.0,1.0,2023,3,18159,2009733,5943,0.3272757310424583,1884,0.049711277836060455,0.44299844728653043,0.48342587918559654
0.0,1.0,1990,4,12593,397239,3551,0.28198205352179784,1201,0.08875974743372135,0.4117359822137893,
0.0,1.0,1991,4,12657,417466,3579,0.2827684285375681,1163,0.08536235675478357,0.4132351411834999,0.5800502933780385
0.0,1.0,1992,4,12986,445814,3800,0.29262282458031724,1286,0.07977894736842106,0.4152478455869454,0.5855263157894737
0.0,1.0,1993,4,13079,461959,3898,0.2980350179677345,1367,0.07780417053541552,0.4150350154399697,0.5702924576706003
0.0,1.0,1994,4,13207,483525,3703,0.2803816158097978,1163,0.08951066892285553,0.4148763553365923,0.5573859033216311
0.0,1.0,1995,4,13617,503236,3994,0.29330983329661453,1293,0.08032228613325591,0.41558154679158216,0.5788683024536805
0.0,1.0,1996,4,13774,535092,3902,0.2832873529838827,1215,0.08417610230766544,0.4166954444804046,0.5586878523833931
0.0,1.0,1997,4,13990,548813,4072,0.2910650464617584,1319,0.08116332343938766,0.4170505722495523,0.5655697445972495
0.0,1.0,1998,4,14084,572367,4257,0.3022578812837262,1329,0.07495703162484553,0.4171505439952826,0.568240544984731
0.0,1.0,1999,4,14465,616762,4309,0.29789146215001727,1427,0.0770639269807251,0.41874383925222586,0.5439777210489674
0.0,1.0,2000,4,15000,683122,4144,0.27626666666666666,1308,0.08686967528063087,0.41946925690292247,0.5477799227799227
0.0,1.0,2001,4,15252,725997,4517,0.29615788093364803,1517,0.07401929169360878,0.4201755893836971,0.5638698251051584
0.0,1.0,2002,4,15823,1036508,5231,0.3305947039120268,1568,0.05366288885345628,0.4359137140101472,0.5761804626266489
0.0,1.0,2003,4,16064,977125,5072,0.3157370517928287,1503,0.06284767486988627,0.4302140405516646,0.5094637223974763
0.0,1.0,2004,4,16228,1000259,4973,0.30644564949470054,1530,0.06739198832351444,0.4286616761551634,0.5141765533882968
0.0,1.0,2005,4,16469,1106209,5051,0.3066974315380412,1432,0.06636065840562476,0.4312027451647475,0.5092060978024153
0.0,1.0,2006,4,16779,1197019,5253,0.3130699088145897,1642,0.060934494875318775,0.4325999969139991,0.5118979630687226
0.0,1.0,2007,4,17059,1247769,5377,0.3152001875842664,1564,0.06072472213997109,0.432203318482799,0.5012088525199926
0.0,1.0,2008,4,17229,1318524,5386,0.31261245574322366,1613,0.06140770952569333,0.43246417461743164,0.49517266988488673
0.0,1.0,2009,4,17423,1400948,5565,0.3194053836882282,1599,0.058106620362634184,0.4331187933343034,0.5069182389937107
0.0,1.0,2010,4,17478,1484113,5605,0.3206888660029752,1570,0.05858535572211953,0.43314231898225064,0.48153434433541475
0.0,1.0,2011,4,17612,1535196,5593,0.31756756756756754,1662,0.05831332612932265,0.43321638924054223,0.48453423922760597
0.0,1.0,2012,4,17767,1567243,5812,0.3271233185118478,1723,0.05656948222558733,0.4331979026215023,0.4965588437715073
0.0,1.0,2013,4,17813,1594207,5775,0.3242014259248863,1636,0.05762647626543732,0.4335739211487656,0.48883116883116884
0.0,1.0,2014,4,17768,1613834,5659,0.3184939216569113,1700,0.05883257769315726,0.4336150644234884,0.477292807916593
0.0,1.0,2015,4,17773,1610502,5789,0.3257187869239858,1653,0.058795248498315,0.43349535627752045,0.4835031957160131
0.0,1.0,2016,4,17782,1600252,5806,0.3265099538859521,1709,0.05780311599923535,0.43425939264546165,0.48346538064071654
0.0,1.0,2017,4,17775,1645430,5827,0.3278199718706048,1685,0.05597911805729464,0.43507548906519317,0.4810365539728848
0.0,1.0,2018,4,17944,1738169,5775,0.3218345965225145,1610,0.0564540244748037,0.43670040639750407,0.4860606060606061
0.0,1.0,2019,4,18065,1825458,5974,0.3306947135344589,1763,0.052076126332061205,0.4386494972549559,0.498158687646468
0.0,1.0,2020,4,18242,1921388,5871,0.3218397105580528,1713,0.053948950293688715,0.43970621812992133,0.47572815533980584
0.0,1.0,2021,4,18118,1983661,5942,0.32796114361408546,1812,0.05087148392046485,0.4409748059960562,0.47862672500841463
0.0,1.0,2022,4,18090,1954473,5887,0.32542841348811496,1750,0.05234033790051228,0.44194659671374587,0.4834380839137081
0.0,1.0,2023,4,18159,2009733,5945,0.3273858692659287,1919,0.049808385105689156,0.4429974449526237,0.49015979814970567
0.0,1.0,1990,5,12593,397239,3650,0.28984356388469784,1320,0.08408076562206791,0.4117847380322756,
0.0,1.0,1991,5,12657,417466,3551,0.28055621395275343,1088,0.0865306523180234,0.4132230222692488,0.5716699521261617
0.0,1.0,1992,5,12986,445814,3746,0.288464500231018,1231,0.08227234517316782,0.41521337857498597,0.5768820074746397
0.0,1.0,1993,5,13079,461959,3856,0.2948237632846548,1233,0.07930815369914432,0.41519589210802316,0.5783195020746887
0.0,1.0,1994,5,13207,483525,3806,0.2881805103354282,1236,0.08479379158774943,0.41501834593317694,0.5522858644245927
0.0,1.0,1995,5,13617,503236,3881,0.28501138283028565,1340,0.0835953751921786,0.41579015525577434,0.570986859056944
0.0,1.0,1996,5,13774,535092,3874,0.28125453753448526,1161,0.08768276070511247,0.4164127013915073,0.5619514713474445
0.0,1.0,1997,5,13990,548813,4105,0.2934238741958542,1385,0.07897009232376068,0.41714895583626027,0.5775883069427528
0.0,1.0,1998,5,14084,572367,4046,0.28727634194831014,1240,0.08381247878756633,0.41707065090521356,0.5514087988136431
0.0,1.0,1999,5,14465,616762,4385,0.3031455236778431,1437,0.07389527634506046,0.41880128699097285,0.5712656784492589
0.0,1.0,2000,5,15000,683122,4356,0.2904,1485,0.07817984924796846,0.4196209722487485,0.5410927456382002
0.0,1.0,2001,5,15252,725997,4404,0.2887490165224233,1387,0.07785198164330834,0.42007737128001316,0.5358764759309718
0.0,1.0,2002,5,15823,1036508,5227,0.33034190735006,1581,0.05367097134278245,0.43590917821905145,0.5886741916969581
0.0,1.0,2003,5,16064,977125,5137,0.3197833665338645,1539,0.061087464898419444,0.4302386932706743,0.5104146388942963
0.0,1.0,2004,5,16228,1000259,5012,0.3088489031303919,1492,0.06700073056906045,0.4286584881408127,0.5225458898643256
0.0,1.0,2005,5,16469,1106209,5284,0.3208452243609205,1615,0.06029922792644985,0.431212178518832,0.5143830431491294
0.0,1.0,2006,5,16779,1197019,5336,0.31801656832945946,1636,0.058906758202607844,0.4326059486235847,0.5112443778110944
0.0,1.0,2007,5,17059,1247769,5401,0.3166070695820388,1619,0.06033296788799183,0.432181038355589,0.5021292353267913
0.0,1.0,2008,5,17229,1318524,5558,0.32259562365778627,1623,0.05776086805360876,0.43246827171470753,0.5023389708528248
0.0,1.0,2009,5,17423,1400948,5563,0.3192905928944499,1666,0.058155582215499046,0.43312123123117036,0.4893043321948589
0.0,1.0,2010,5,17478,1484113,5623,0.3217187321203799,1604,0.05802009979780904,0.4331498923996162,0.48426107060288104
0.0,1.0,2011,5,17612,1535196,5555,0.31540994776288894,1655,0.05916551691172716,0.43319650172089974,0.48172817281728175
0.0,1.0,2012,5,17767,1567243,5714,0.3216074745314347,1759,0.058013532458211975,0.433215454401068,0.49807490374518726
0.0,1.0,2013,5,17813,1594207,5798,0.3254926177510807,1652,0.05696056055774964,0.43360984159728255,0.48240772680234567
0.0,1.0,2014,5,17768,1613834,5677,0.3195069788383611,1587,0.059144704647889124,0.43359480261157474,0.47049497974282195
0.0,1.0,2015,5,17773,1610502,5764,0.32431215889270243,1691,0.05940194010925214,0.4334943798138788,0.48959056210964613
0.0,1.0,2016,5,17782,1600252,5693,0.32015521313688,1640,0.060238444943758386,0.4342522184423306,0.4837519761110135
0.0,1.0,2017,5,17775,1645430,5712,0.3213502109704641,1551,0.05833381146576279,0.4350276921324362,0.47654061624649857
0.0,1.0,2018,5,17944,1738169,5668,0.3158716005349978,1692,0.058142594037817824,0.4367498070249634,0.4832392378263938
0.0,1.0,2019,5,18065,1825458,5875,0.3252145031829505,1693,0.05364205341783612,0.43863369501913735,0.4970212765957447
0.0,1.0,2020,5,18242,1921388,5953,0.3263348317070497,1795,0.052353407588967046,0.43974784760796226,0.48647740634973957
0.0,1.0,2021,5,18118,1983661,5877,0.3243735511645877,1719,0.05227216355108434,0.44096072872587966,0.47898587714820484
0.0,1.0,2022,5,18090,1954473,5914,0.3269209508015478,1867,0.051740028904890746,0.4419536766404193,0.4866418667568482
0.0,1.0,2023,5,18159,2009733,5885,0.32408172256181506,1793,0.05096617482200979,0.4429863671213349,0.47918436703483436
0.0,1.0,1990,6,12593,397239,3394,0.26951480981497655,1024,0.09738753507611093,0.4116259903046659,
0.0,1.0,1991,6,12657,417466,3669,0.2898791182744726,1189,0.08094016734017698,0.4132462911028171,0.5944399018806215
0.0,1.0,1992,6,12986,445814,3711,0.28576929000462037,1220,0.08412193540568248,0.4151498541563404,0.5715440582053355
0.0,1.0,1993,6,13079,461959,3793,0.29000688126003515,1286,0.08219263300810341,0.4150665701822904,0.5670972844713946
0.0,1.0,1994,6,13207,483525,3868,0.2928749905353222,1260,0.08191252383462967,0.4149847280754981,0.5641158221302999
0.0,1.0,1995,6,13617,503236,3963,0.2910332672394801,1318,0.0802411582943387,0.4157777040664515,0.5629573555387333
0.0,1.0,1996,6,13774,535092,4064,0.29504864236968203,1435,0.07779816731508464,0.41670166201006564,0.5799704724409449
0.0,1.0,1997,6,13990,548813,4026,0.2877769835596855,1268,0.0838863087891941,0.41696899735337295,0.555886736214605
0.0,1.0,1998,6,14084,572367,3976,0.2823061630218688,1203,0.08732222307689193,0.4169307365311054,0.5487927565392354
0.0,1.0,1999,6,14465,616762,4297,0.297061873487729,1352,0.07717238252664926,0.4187174370595057,0.5703979520595764
0.0,1.0,2000,6,15000,683122,4366,0.29106666666666664,1355,0.07809188102207351,0.41957714246491534,0.5547411818598259
0.0,1.0,2001,6,15252,725997,4449,0.29169944925255703,1499,0.0766070307267485,0.42017079940872065,0.5369746010339402
0.0,1.0,2002,6,15823,1036508,5252,0.3319218858623523,1539,0.05333506576974413,0.4358898174449433,0.5773038842345772
0.0,1.0,2003,6,16064,977125,5189,0.3230204183266932,1656,0.06024733748076793,0.4302717671701964,0.5168625939487377
0.0,1.0,2004,6,16228,1000259,5002,0.3082326842494454,1492,0.06679623232674141,0.42866325553831436,0.5163934426229508
0.0,1.0,2005,6,16469,1106209,5199,0.31568401238690874,1565,0.06299097792823506,0.4311511602469558,0.5243316022311983
0.0,1.0,2006,6,16779,1197019,5219,0.3110435663627153,1614,0.06138488119576939,0.4326208761017568,0.5066104617742863
0.0,1.0,2007,6,17059,1247769,5350,0.3136174453367724,1621,0.061332378373657084,0.43218227008675236,0.5080373831775701
0.0,1.0,2008,6,17229,1318524,5471,0.31754599802658307,1675,0.05952092956794739,0.4324567656807612,0.49789800767684156
0.0,1.0,2009,6,17423,1400948,5630,0.3231360844860242,1613,0.057268187109780454,0.4331289518229648,0.5030195381882772
0.0,1.0,2010,6,17478,1484113,5557,0.31794255635656254,1503,0.059530640442698506,0.43315624790795426,0.4820946553895987
0.0,1.0,2011,6,17612,1535196,5521,0.313479445832387,1614,0.05975580353960299,0.43320972009732434,0.48433254845136753
0.0,1.0,2012,6,17767,1567243,5620,0.316316767040018,1607,0.06002482238066894,0.43320549121541707,0.49039145907473314
0.0,1.0,2013,6,17813,1594207,5795,0.3253242014259249,1706,0.056888022684754715,0.4336158171489705,0.4912855910267472
0.0,1.0,2014,6,17768,1613834,5627,0.31669293111211166,1600,0.05992689478036109,0.4335927560617907,0.476985960547361
0.0,1.0,2015,6,17773,1610502,5759,0.3240308332864457,1609,0.05981300594423563,0.4335136471947133,0.48341725994096196
0.0,1.0,2016,6,17782,1600252,5756,0.3236981216960972,1660,0.05934032155949547,0.43419390743474745,0.48071577484364136
0.0,1.0,2017,6,17775,1645430,5743,0.3230942334739803,1737,0.05727682352300186,0.435099877929042,0.48458993557374197
0.0,1.0,2018,6,17944,1738169,5742,0.31999554168524297,1681,0.05699647722131778,0.43667967705819316,0.4839777081156391
0.0,1.0,2019,6,18065,1825458,5834,0.32294492111818435,1636,0.05461700111495166,0.4386372769120556,0.4919437778539596
0.0,1.0,2020,6,18242,1921388,5972,0.3273763841684026,1844,0.051978444619207566,0.43974858345514795,0.4882786336235767
0.0,1.0,2021,6,18118,1983661,5905,0.32591897560437133,1785,0.051618621398218045,0.44096685005437075,0.47891617273497034
0.0,1.0,2022,6,18090,1954473,5963,0.3296296296296296,1794,0.05104047490127853,0.4419459983723355,0.47643803454636924
0.0,1.0,2023,6,18159,2009733,5976,0.3290930117297208,1843,0.049515162389853935,0.44298296793392855,0.48293172690763053
0.0,1.0,1990,7,12593,397239,3549,0.2818232351306281,1130,0.08776735254399605,0.4118536033917655,
0.0,1.0,1991,7,12657,417466,3579,0.2827684285375681,1212,0.08489706767169114,0.4133785010119288,0.589270746018441
0.0,1.0,1992,7,12986,445814,3703,0.28515324195287234,1173,0.08367207646849611,0.4151668103200259,0.5698082635700783
0.0,1.0,1993,7,13079,461959,3771,0.2883247954736601,1314,0.0823992026688905,0.4151159281052641,0.562185096791302
0.0,1.0,1994,7,13207,483525,3852,0.2916635117740592,1375,0.0814445220834425,0.41515838866311755,0.5597092419522326
0.0,1.0,1995,7,13617,503236,3890,0.28567232136300214,1210,0.083609280932587,0.41568332438160843,0.5650385604113111
0.0,1.0,1996,7,13774,535092,4033,0.292798025264992,1376,0.07846086793622833,0.4166759418791961,0.5727746094718571
0.0,1.0,1997,7,13990,548813,4077,0.2914224446032881,1284,0.08131721655170109,0.417034299977902,0.5584988962472406
0.0,1.0,1998,7,14084,572367,4091,0.290471456972451,1303,0.0810297699948991,0.41712649576265876,0.5509655340992423
0.0,1.0,1999,7,14465,616762,4420,0.3055651572761839,1474,0.07194529186544092,0.41883377534656485,0.5757918552036199
0.0,1.0,2000,7,15000,683122,4394,0.2929333333333333,1507,0.07675422831108501,0.4195865625583713,0.5562130177514792
0.0,1.0,2001,7,15252,725997,4545,0.29799370574350903,1463,0.07402619689911784,0.4201898654301537,0.5421342134213422
0.0,1.0,2002,7,15823,1036508,5211,0.329330721102193,1527,0.05415345017501873,0.43590148921413824,0.579543273843792
0.0,1.0,2003,7,16064,977125,5028,0.3129980079681275,1502,0.0639288718261269,0.4302131480681382,0.5067621320604614
0.0,1.0,2004,7,16228,1000259,5141,0.31679812669460194,1601,0.06321008407113146,0.42865974472139146,0.5207158140439603
0.0,1.0,2005,7,16469,1106209,5205,0.3160483332321331,1612,0.06209860650874196,0.4312136684940496,0.5143131604226705
0.0,1.0,2006,7,16779,1197019,5384,0.32087728708504676,1693,0.05802433990757931,0.4325990654264795,0.5193164933135215
0.0,1.0,2007,7,17059,1247769,5409,0.31707603024796294,1577,0.06032840167204874,0.43212020968877496,0.5028655943797375
0.0,1.0,2008,7,17229,1318524,5535,0.32126066515758317,1701,0.05830597601368967,0.4324634560243373,0.5035230352303524
0.0,1.0,2009,7,17423,1400948,5528,0.3172817540033289,1609,0.059060727023693076,0.43309333385696314,0.49728654124457305
0.0,1.0,2010,7,17478,1484113,5640,0.32269138345348436,1635,0.05752470952165384,0.43315812565601064,0.48244680851063826
0.0,1.0,2011,7,17612,1535196,5624,0.31932773109243695,1702,0.05780917081639549,0.4332230822802368,0.4852418207681366
0.0,1.0,2012,7,17767,1567243,5707,0.3212134856756909,1606,0.058529746330724476,0.4331626072557197,0.48536884527772906
0.0,1.0,2013,7,17813,1594207,5752,0.32291023409869196,1623,0.057540063467070045,0.4335953421456108,0.4808762169680111
0.0,1.0,2014,7,17768,1613834,5582,0.3141602881584872,1654,0.06048726513961226,0.43361673732420697,0.4711572912934432
0.0,1.0,2015,7,17773,1610502,5813,0.3270691498340179,1734,0.058333663056540336,0.43354609857854787,0.4914846034749699
0.0,1.0,2016,7,17782,1600252,5706,0.32088628950624226,1640,0.06007942150538188,0.4342500329166737,0.47441289870311953
0.0,1.0,2017,7,17775,1645430,5750,0.3234880450070324,1697,0.057087818525519855,0.4350837929809278,0.4836521739130435
0.0,1.0,2018,7,17944,1738169,5775,0.3218345965225145,1636,0.05682169374636908,0.4366598687335934,0.47930735930735935
0.0,1.0,2019,7,18065,1825458,5974,0.3306947135344589,1827,0.05177916939255466,0.43865619964078945,0.48275862068965514
0.0,1.0,2020,7,18242,1921388,5887,0.3227168073676132,1811,0.05319921773434795,0.43974643860888557,0.4795311703754034
0.0,1.0,2021,7,18118,1983661,5881,0.3245943260845568,1713,0.052340905947902125,0.4409347454770641,0.4920931814317293
0.0,1.0,2022,7,18090,1954473,5937,0.3281923714759536,1803,0.05164674878146878,0.44194204044498203,0.48290382347987204
0.0,1.0,2023,7,18159,2009733,5775,0.31802412027094,1710,0.0528848559809599,0.4429782422932119,0.476017316017316
0.0,1.0,1990,8,12593,397239,3596,0.28555546732311604,1188,0.08614162813458535,0.4119019769628465,
0.0,1.0,1991,8,12657,417466,3766,0.29754286165758076,1347,0.07660711359625734,0.4133885935268826,0.5841741901221456
0.0,1.0,1992,8,12986,445814,3717,0.2862313260434314,1165,0.08500111717577961,0.4150408391231425,0.5628194780737154
0.0,1.0,1993,8,13079,461959,3826,0.2925300099395978,1288,0.08059460007448964,0.4150516665361599,0.5718766335598536
0.0,1.0,1994,8,13207,483525,3776,0.2859089876580601,1197,0.08590453645683711,0.4150910727626488,0.5529661016949152
0.0,1.0,1995,8,13617,503236,3796,0.2787691855768525,1181,0.08695498894627034,0.4157466397665945,0.5648050579557429
0.0,1.0,1996,8,13774,535092,3950,0.286772179468564,1177,0.08732395449447206,0.416034374441566,0.5782278481012658
0.0,1.0,1997,8,13990,548813,4099,0.29299499642601856,1338,0.08041929552671168,0.4170041224359127,0.5669675530617224
0.0,1.0,1998,8,14084,572367,4034,0.2864243112752059,1356,0.08306145409040507,0.4171518492028063,0.5490827962320277
0.0,1.0,1999,8,14465,616762,4240,0.29312132734185964,1386,0.07891787557849769,0.41871923508935016,0.5669811320754716
0.0,1.0,2000,8,15000,683122,4287,0.2858,1398,0.08064943086081251,0.41957114956186503,0.5565663634243061
0.0,1.0,2001,8,15252,725997,4528,0.2968790978232363,1446,0.07439555525727627,0.4201919127328416,0.5481448763250883
0.0,1.0,2002,8,15823,1036508,5189,0.32794034001137584,1663,0.054202782536445386,0.43591603619856456,0.5779533628830218
0.0,1.0,2003,8,16064,977125,5114,0.31835159362549803,1612,0.061383177667292864,0.43026429206983147,0.5170121235823231
0.0,1.0,2004,8,16228,1000259,5140,0.3167365048065073,1628,0.06284712864691365,0.42865022215402415,0.5178988326848248
0.0,1.0,2005,8,16469,1106209,5214,0.3165948144999696,1628,0.06221241415921757,0.4312174057898741,0.5168776371308017
0.0,1.0,2006,8,16779,1197019,5275,0.3143810715775672,1657,0.06024694863098315,0.43262270817124865,0.5014218009478673
0.0,1.0,2007,8,17059,1247769,5425,0.3180139515798112,1590,0.05982404383189279,0.4321788300068909,0.5076497695852534
0.0,1.0,2008,8,17229,1318524,5436,0.31551453943931745,1591,0.06025090409181749,0.43246710033349217,0.4972406181015453
0.0,1.0,2009,8,17423,1400948,5649,0.3242265970269184,1617,0.05652733032517328,0.4331007333571954,0.4990263763497964
0.0,1.0,2010,8,17478,1484113,5604,0.32063165121867493,1682,0.05845033449646704,0.433157146608273,0.48501070663811563
0.0,1.0,2011,8,17612,1535196,5618,0.3189870542811719,1690,0.05793975044106943,0.43321528639396745,0.4909220363118547
0.0,1.0,2012,8,17767,1567243,5761,0.324252828277143,1686,0.05727596702545995,0.4332194675001174,0.4896719319562576
0.0,1.0,2013,8,17813,1594207,5741,0.32229270757312073,1668,0.05810632280675544,0.43360861068473616,0.4786622539627242
0.0,1.0,2014,8,17768,1613834,5623,0.3164678072940117,1704,0.05980597397145164,0.43362301715280527,0.47430197403521257
0.0,1.0,2015,8,17773,1610502,5718,0.32172396331514097,1605,0.06042833263660187,0.4335153655561543,0.49143057012941593
0.0,1.0,2016,8,17782,1600252,5826,0.32763468676189406,1690,0.05755436082129554,0.4342521895367374,0.4843803638860281
0.0,1.0,2017,8,17775,1645430,5748,0.3233755274261603,1650,0.057167686294564236,0.4350906371494984,0.4751217814892137
0.0,1.0,2018,8,17944,1738169,5841,0.3255127061970575,1736,0.054840565987658865,0.43672921630336176,0.485190891970553
0.0,1.0,2019,8,18065,1825458,5851,0.3238859673401605,1635,0.054250455560508046,0.4386231591362418,0.4896598871987694
0.0,1.0,2020,8,18242,1921388,5836,0.31992106128713954,1677,0.054264354311425726,0.4397427414003929,0.47892392049348864
0.0,1.0,2021,8,18118,1983661,5964,0.32917540567391546,1822,0.05076293891225734,0.4409624193522553,0.49379610999329304
0.0,1.0,2022,8,18090,1954473,5909,0.32664455500276396,1762,0.051916267943885555,0.4419618775911464,0.4812997123032662
0.0,1.0,2023,8,18159,2009733,5987,0.3296987719588083,1853,0.04927671778358147,0.4430016757753543,0.4883915149490563
0.0,1.0,1990,9,12593,397239,3563,0.282934963868816,1177,0.08886630601461097,0.41175001796666855,
0.0,1.0,1991,9,12657,417466,3584,0.2831634668562851,1191,0.08389484639070473,0.413359408416327,0.5758928571428572
0.0,1.0,1992,9,12986,445814,3657,0.2816109656553211,1103,0.08668456903572093,0.41510684348836163,0.5761553185671315
0.0,1.0,1993,9,13079,461959,3840,0.2936004281672911,1272,0.07929090711805556,0.4151601513112579,0.5755208333333333
0.0,1.0,1994,9,13207,483525,3877,0.2935564473385326,1303,0.08072587228810287,0.4151182329414119,0.5610007737941707
0.0,1.0,1995,9,13617,503236,3748,0.27524418006903134,1242,0.09057922318441772,0.415741806004578,0.5584311632870864
0.0,1.0,1996,9,13774,535092,4051,0.2941048351967475,1284,0.07981822237954596,0.41650685827533973,0.5741792150086398
0.0,1.0,1997,9,13990,548813,4060,0.2902072909220872,1315,0.08133538790070131,0.41714223216167057,0.5522167487684729
0.0,1.0,1998,9,14084,572367,4116,0.2922465208747515,1336,0.07976386445179208,0.4171686212485087,0.5519922254616132
0.0,1.0,1999,9,14465,616762,4373,0.30231593501555476,1502,0.07352306204701123,0.418784516419748,0.5714612394237366
0.0,1.0,2000,9,15000,683122,4346,0.28973333333333334,1425,0.07868193274401206,0.41956129827243804,0.5469397146801657
0.0,1.0,2001,9,15252,725997,4437,0.290912667191188,1452,0.07693012570904138,0.4201836261634217,0.5517241379310345
0.0,1.0,2002,9,15823,1036508,5217,0.32970991594514315,1479,0.05417173746979333,0.43590284758644005,0.585010542457351
0.0,1.0,2003,9,16064,977125,5071,0.31567480079681276,1608,0.06206807136725935,0.43027256848688133,0.5127193847367384
0.0,1.0,2004,9,16228,1000259,5089,0.3135937885136801,1595,0.06381172450097444,0.4286689425291365,0.5144429160935351
0.0,1.0,2005,9,16469,1106209,5220,0.316959135345194,1563,0.06180179386679585,0.43118808398861636,0.514750957854406
0.0,1.0,2006,9,16779,1197019,5374,0.3202813040109661,1700,0.05818660717241307,0.4326083422132023,0.5128395980647562
0.0,1.0,2007,9,17059,1247769,5438,0.318776012661938,1733,0.059184608169852354,0.43218883434969596,0.502574475910261
0.0,1.0,2008,9,17229,1318524,5516,0.3201578733530675,1655,0.05887671490044651,0.43244814269901394,0.4954677302393038
0.0,1.0,2009,9,17423,1400948,5623,0.32273431670780006,1701,0.05687967811125067,0.43312938321489686,0.4947536902009604
0.0,1.0,2010,9,17478,1484113,5694,0.3257809818056986,1715,0.05647339942993622,0.4331688172415257,0.48261327713382507
0.0,1.0,2011,9,17612,1535196,5504,0.31251419486713605,1569,0.060354361732693346,0.4332198967810785,0.4767441860465116
0.0,1.0,2012,9,17767,1567243,5700,0.3208194968199471,1591,0.05859132040627884,0.4332094531231202,0.49140350877192984
0.0,1.0,2013,9,17813,1594207,5806,0.3259417279514961,1691,0.05682037029412004,0.4336187107761095,0.48622115053393045
0.0,1.0,2014,9,17768,1613834,5653,0.3181562359297614,1766,0.05933285557835989,0.43362415743769805,0.47603042632230674
0.0,1.0,2015,9,17773,1610502,5811,0.32695661959151523,1620,0.05869401136073116,0.43348540840901467,0.4876957494407159
0.0,1.0,2016,9,17782,1600252,5769,0.32442919806545945,1706,0.05863068520545179,0.4342751321128993,0.47720575489686257
0.0,1.0,2017,9,17775,1645430,5832,0.3281012658227848,1724,0.055819931093009374,0.435072152935674,0.4835390946502057
0.0,1.0,2018,9,17944,1738169,5754,0.3206642888987963,1718,0.0562879351040681,0.43674941865360545,0.4704553354188391
0.0,1.0,2019,9,18065,1825458,5851,0.3238859673401605,1636,0.05408927171982197,0.4386385839260387,0.48692531191249355
0.0,1.0,2020,9,18242,1921388,5863,0.3214011621532727,1725,0.05399119918449489,0.4397468854097702,0.48234692137131163
0.0,1.0,2021,9,18118,1983661,5914,0.3264157191743018,1724,0.05153331216035409,0.4409632639520895,0.48850185999323636
0.0,1.0,2022,9,18090,1954473,5978,0.3304588170259812,1829,0.05053328693443934,0.44194559246970144,0.4784208765473402
0.0,1.0,2023,9,18159,2009733,5921,0.32606421058428325,1842,0.05053188492828262,0.44298840391421157,0.4820131734504307
